,Occupation code,Occupation title (click on the occupation title to view its profile),Level,Employment,Employment RSE,"Employment per 1,000 jobs",Location quotient,Median hourly wage,Mean hourly wage,Annual mean wage,Mean wage RSE
0,,,,,,,,,,,
1,00-0000,All Occupations,total,"8,691,440",0.3%,1000.000,1.00,$23.84,$32.62,"$67,850",0.5%
2,11-0000,Management Occupations,major,"473,070",0.8%,54.429,0.95,$69.70,$78.43,"$163,120",0.6%
3,11-1011,Chief Executives,detail,"7,280",4.8%,0.838,0.58,(5),$105.15,"$218,720",3.4%
4,11-1021,General and Operations Managers,detail,"158,110",1.6%,18.192,1.08,$65.47,$76.46,"$159,050",0.9%
5,11-1031,Legislators,detail,"6,030",2.8%,0.693,1.88,(4),(4),"$93,370",0.7%
6,11-2011,Advertising and Promotions Managers,detail,"7,660",6.7%,0.882,5.46,$80.13,$88.29,"$183,640",2.3%
7,11-2021,Marketing Managers,detail,"21,740",3.1%,2.501,1.29,$87.14,$93.72,"$194,940",1.3%
8,11-2022,Sales Managers,detail,"23,230",2.4%,2.673,0.95,$90.70,$96.94,"$201,630",1.2%
9,11-2030,Public Relations and Fundraising Managers,broad,"6,560",5.9%,0.754,1.29,$76.24,$84.22,"$175,170",3.0%
10,11-3010,Administrative Services and Facilities Managers,broad,"17,670",2.2%,2.033,0.92,$63.13,$69.12,"$143,760",1.1%
11,11-3021,Computer and Information Systems Managers,detail,"29,050",2.8%,3.342,1.02,$86.46,$92.87,"$193,180",1.2%
12,11-3031,Financial Managers,detail,"45,390",2.4%,5.222,1.11,$97.08,$103.67,"$215,640",1.4%
13,11-3051,Industrial Production Managers,detail,"5,310",2.9%,0.611,0.47,$59.06,$62.75,"$130,530",0.9%
14,11-3061,Purchasing Managers,detail,"4,400",7.6%,0.506,0.99,$69.13,$76.27,"$158,650",3.4%
15,11-3071,"Transportation, Storage, and Distribution Managers",detail,"4,010",4.3%,0.462,0.49,$52.57,$58.52,"$121,720",3.2%
16,11-3111,Compensation and Benefits Managers,detail,"1,380",5.3%,0.159,1.35,$83.26,$91.04,"$189,370",2.8%
17,11-3121,Human Resources Managers,detail,"10,800",2.1%,1.242,1.10,$73.26,$81.39,"$169,290",3.5%
18,11-3131,Training and Development Managers,detail,"2,730",4.1%,0.314,1.13,$76.42,$81.40,"$169,300",1.5%
19,11-9013,"Farmers, Ranchers, and Other Agricultural Managers",detail,150,20.6%,0.017,0.41,$43.47,$45.07,"$93,740",9.4%
20,11-9021,Construction Managers,detail,"8,580",5.1%,0.987,0.48,$59.51,$67.65,"$140,700",3.8%
21,11-9031,"Education and Childcare Administrators, Preschool and Daycare",detail,"2,900",11.1%,0.333,1.00,$33.31,$38.24,"$79,530",3.5%
22,11-9032,"Education Administrators, Kindergarten through Secondary",detail,"19,710",4.5%,2.268,1.20,(4),(4),"$141,020",1.8%
23,11-9033,"Education Administrators, Postsecondary",detail,(8),(8),(8),(8),$71.17,$78.37,"$163,010",2.1%
24,11-9039,"Education Administrators, All Other",detail,"1,910",12.3%,0.220,0.70,$50.28,$55.81,"$116,080",3.5%
25,11-9041,Architectural and Engineering Managers,detail,"7,130",6.0%,0.820,0.58,$77.49,$81.02,"$168,520",1.4%
26,11-9051,Food Service Managers,detail,"8,330",6.1%,0.958,0.68,$33.98,$35.98,"$74,830",1.9%
27,11-9071,Gambling Managers,detail,110,37.0%,0.013,0.55,$37.95,$42.44,"$88,270",4.0%
28,11-9081,Lodging Managers,detail,"1,200",9.6%,0.138,0.60,$36.17,$41.74,"$86,810",6.7%
29,11-9111,Medical and Health Services Managers,detail,"24,360",1.4%,2.802,0.97,$64.57,$75.07,"$156,140",2.0%
30,11-9121,Natural Sciences Managers,detail,"1,440",6.7%,0.166,0.30,$74.45,$85.95,"$178,770",3.5%
31,11-9131,Postmasters and Mail Superintendents,detail,830,0.0%,0.096,0.96,$37.84,$38.85,"$80,800",0.7%
32,11-9141,"Property, Real Estate, and Community Association Managers",detail,"8,080",6.7%,0.929,0.59,$46.53,$55.61,"$115,670",3.8%
33,11-9151,Social and Community Service Managers,detail,"13,530",2.5%,1.557,1.39,$39.95,$43.21,"$89,870",1.2%
34,11-9161,Emergency Management Directors,detail,560,2.6%,0.065,0.88,$40.72,$47.24,"$98,270",2.9%
35,11-9171,Funeral Home Managers,detail,550,7.9%,0.064,0.88,$46.43,$52.05,"$108,270",10.9%
36,11-9198,"Personal Service Managers, All Other; Entertainment and Recreation Managers, Except Gambling; and Managers, All Other",detail,"15,700",2.0%,1.806,0.54,$58.57,$65.81,"$136,880",1.7%
37,13-0000,Business and Financial Operations Occupations,major,"613,850",0.9%,70.627,1.17,$40.61,$47.58,"$98,960",0.8%
38,13-1011,"Agents and Business Managers of Artists, Performers, and Athletes",detail,"2,830",9.3%,0.325,2.78,$34.68,$48.82,"$101,550",7.7%
39,13-1020,Buyers and Purchasing Agents,broad,"27,380",5.3%,3.150,1.04,$35.16,$38.32,"$79,700",1.4%
40,13-1031,"Claims Adjusters, Examiners, and Investigators",detail,"15,940",4.7%,1.834,0.89,$35.60,$36.71,"$76,360",1.2%
41,13-1032,"Insurance Appraisers, Auto Damage",detail,370,20.6%,0.043,0.45,$33.40,$35.72,"$74,300",2.9%
42,13-1041,Compliance Officers,detail,"22,280",2.0%,2.563,1.09,$36.05,$39.32,"$81,790",1.5%
43,13-1051,Cost Estimators,detail,"8,640",4.6%,0.994,0.69,$35.10,$38.44,"$79,950",1.3%
44,13-1071,Human Resources Specialists,detail,"39,720",1.9%,4.570,0.98,$34.99,$38.15,"$79,360",0.8%
45,13-1075,Labor Relations Specialists,detail,"7,300",6.5%,0.840,1.67,$36.73,$42.80,"$89,030",4.5%
46,13-1081,Logisticians,detail,"4,360",5.6%,0.501,0.38,$35.96,$37.83,"$78,690",1.4%
47,13-1111,Management Analysts,detail,"51,820",2.2%,5.963,1.13,$47.17,$54.60,"$113,560",2.1%
48,13-1121,"Meeting, Convention, and Event Planners",detail,"9,490",5.2%,1.091,1.38,$30.30,$33.44,"$69,550",3.2%
49,13-1131,Fundraisers,detail,"8,630",5.5%,0.993,1.68,$34.61,$36.43,"$75,770",2.2%
50,13-1141,"Compensation, Benefits, and Job Analysis Specialists",detail,"9,570",3.7%,1.101,1.74,$37.14,$39.04,"$81,200",1.1%
51,13-1151,Training and Development Specialists,detail,"22,540",2.4%,2.594,1.13,$32.92,$35.02,"$72,840",2.1%
52,13-1161,Market Research Analysts and Marketing Specialists,detail,"70,770",3.1%,8.142,1.64,$37.24,$40.91,"$85,090",1.8%
53,13-1198,"Project Management Specialists and Business Operations Specialists, All Other",detail,"61,250",2.3%,7.047,0.68,$42.12,$46.80,"$97,340",1.2%
54,13-2011,Accountants and Auditors,detail,"112,360",2.3%,12.928,1.41,$42.89,$48.77,"$101,440",1.0%
55,13-2020,Property Appraisers and Assessors,broad,"3,330",21.1%,0.383,0.95,$28.05,$32.28,"$67,140",3.4%
56,13-2031,Budget Analysts,detail,"2,960",3.3%,0.341,0.96,$37.81,$39.77,"$82,710",1.4%
57,13-2041,Credit Analysts,detail,"6,690",13.1%,0.770,1.49,$52.03,$60.53,"$125,900",3.3%
58,13-2052,Personal Financial Advisors,detail,"22,770",7.3%,2.619,1.67,$69.38,$81.40,"$169,310",4.0%
59,13-2053,Insurance Underwriters,detail,"7,100",8.1%,0.817,1.12,$41.50,$50.11,"$104,230",3.7%
60,13-2061,Financial Examiners,detail,"11,570",6.4%,1.331,2.71,$50.70,$57.96,"$120,560",2.3%
61,13-2071,Credit Counselors,detail,"2,090",18.8%,0.241,1.09,$29.57,$31.64,"$65,810",2.6%
62,13-2072,Loan Officers,detail,"12,560",5.0%,1.445,0.65,$38.75,$50.19,"$104,400",4.8%
63,13-2081,"Tax Examiners and Collectors, and Revenue Agents",detail,"3,670",0.5%,0.422,1.11,$31.23,$34.62,"$72,010",1.2%
64,13-2082,Tax Preparers,detail,"3,940",15.3%,0.454,1.01,$33.45,$33.31,"$69,280",3.5%
65,13-2098,"Financial and Investment Analysts, Financial Risk Specialists, and Financial Specialists, All Other",detail,"61,920",3.2%,7.124,2.15,$50.81,$62.82,"$130,670",2.2%
66,15-0000,Computer and Mathematical Occupations,major,"265,840",1.7%,30.587,0.93,$45.90,$49.65,"$103,280",0.9%
67,15-1211,Computer Systems Analysts,detail,"35,890",4.0%,4.129,1.00,$49.13,$53.44,"$111,150",2.2%
68,15-1212,Information Security Analysts,detail,"6,450",5.2%,0.742,0.75,$58.01,$60.54,"$125,920",1.2%
69,15-1221,Computer and Information Research Scientists,detail,960,12.4%,0.110,0.51,$64.70,$66.44,"$138,190",3.3%
70,15-1231,Computer Network Support Specialists,detail,"12,170",5.6%,1.400,1.06,$35.70,$38.02,"$79,080",1.6%
71,15-1232,Computer User Support Specialists,detail,"40,460",3.8%,4.655,1.02,$28.15,$30.00,"$62,390",1.0%
72,15-1241,Computer Network Architects,detail,"8,850",6.5%,1.018,0.89,$59.18,$60.82,"$126,510",2.3%
73,15-1244,Network and Computer Systems Administrators,detail,"24,080",2.4%,2.771,1.13,$45.26,$47.82,"$99,460",0.8%
74,15-1245,Database Administrators and Architects,detail,"8,280",3.5%,0.952,0.99,$50.12,$52.77,"$109,760",1.3%
75,15-1251,Computer Programmers,detail,"12,910",5.3%,1.485,1.16,$40.64,$43.89,"$91,290",2.2%
76,15-1256,Software Developers and Software Quality Assurance Analysts and Testers,detail,"83,330",3.9%,9.587,0.90,$56.69,$58.80,"$122,300",1.2%
77,15-1257,Web Developers and Digital Interface Designers,detail,"12,950",3.9%,1.490,1.33,$36.75,$40.44,"$84,110",1.4%
78,15-1299,"Computer Occupations, All Other",detail,(8),(8),(8),(8),$36.71,$39.28,"$81,700",3.0%
79,15-2011,Actuaries,detail,"2,570",8.7%,0.296,1.83,$65.61,$74.11,"$154,150",3.3%
80,15-2021,Mathematicians,detail,(8),(8),(8),(8),$50.27,$58.58,"$121,840",7.6%
81,15-2031,Operations Research Analysts,detail,"6,600",7.1%,0.759,1.10,$45.11,$51.74,"$107,620",2.8%
82,15-2041,Statisticians,detail,"1,230",11.2%,0.141,0.51,$47.51,$50.19,"$104,400",2.6%
83,15-2098,"Data Scientists and Mathematical Science Occupations, All Other",detail,"3,950",9.0%,0.454,1.06,$56.88,$59.73,"$124,240",3.9%
84,17-0000,Architecture and Engineering Occupations,major,"102,230",1.5%,11.762,0.65,$39.86,$43.62,"$90,720",0.8%
85,17-1011,"Architects, Except Landscape and Naval",detail,"11,640",6.1%,1.339,1.79,$43.93,$48.87,"$101,650",3.5%
86,17-1012,Landscape Architects,detail,"1,250",25.6%,0.144,0.97,$40.51,$42.99,"$89,410",4.0%
87,17-1021,Cartographers and Photogrammetrists,detail,120,36.5%,0.013,0.15,$42.53,$43.29,"$90,040",7.6%
88,17-1022,Surveyors,detail,"1,240",9.2%,0.142,0.45,$36.32,$39.59,"$82,350",2.8%
89,17-2011,Aerospace Engineers,detail,300,9.8%,0.034,0.08,$51.52,$53.86,"$112,040",4.3%
90,17-2031,Bioengineers and Biomedical Engineers,detail,710,11.1%,0.081,0.61,$47.24,$48.74,"$101,380",3.1%
91,17-2041,Chemical Engineers,detail,920,19.4%,0.106,0.57,$45.81,$47.70,"$99,220",2.0%
92,17-2051,Civil Engineers,detail,"14,670",4.0%,1.688,0.78,$45.11,$50.58,"$105,210",2.3%
93,17-2061,Computer Hardware Engineers,detail,"1,100",7.6%,0.127,0.27,$58.91,$60.82,"$126,510",2.6%
94,17-2071,Electrical Engineers,detail,"8,170",4.3%,0.940,0.71,$48.80,$50.52,"$105,080",1.6%
95,17-2072,"Electronics Engineers, Except Computer",detail,"3,560",7.2%,0.410,0.47,$46.34,$49.29,"$102,520",2.1%
96,17-2081,Environmental Engineers,detail,"3,350",8.6%,0.385,1.07,$43.65,$47.14,"$98,040",2.2%
97,17-2111,"Health and Safety Engineers, Except Mining Safety Engineers and Inspectors",detail,"1,550",9.8%,0.178,1.04,$47.07,$48.39,"$100,660",1.9%
98,17-2112,Industrial Engineers,detail,"11,580",3.8%,1.332,0.64,$42.78,$45.40,"$94,440",1.1%
99,17-2121,Marine Engineers and Naval Architects,detail,230,44.3%,0.027,0.43,$45.02,$48.96,"$101,830",11.9%
100,17-2131,Materials Engineers,detail,790,13.3%,0.091,0.51,$46.81,$47.50,"$98,800",3.2%
101,17-2141,Mechanical Engineers,detail,"9,920",8.4%,1.142,0.54,$43.85,$46.40,"$96,510",1.8%
102,17-2151,"Mining and Geological Engineers, Including Mining Safety Engineers",detail,50,23.9%,0.006,0.13,$42.18,$43.08,"$89,600",2.5%
103,17-2161,Nuclear Engineers,detail,250,14.0%,0.029,0.26,$57.95,$58.59,"$121,870",3.2%
104,17-2199,"Engineers, All Other",detail,"4,180",8.0%,0.481,0.44,$46.33,$47.56,"$98,930",1.8%
105,17-3011,Architectural and Civil Drafters,detail,"6,970",7.8%,0.802,1.12,$29.51,$30.59,"$63,630",1.8%
106,17-3012,Electrical and Electronics Drafters,detail,"1,130",5.8%,0.130,0.79,$35.28,$37.09,"$77,150",6.2%
107,17-3013,Mechanical Drafters,detail,"2,260",7.1%,0.259,0.70,$28.40,$29.90,"$62,190",1.5%
108,17-3019,"Drafters, All Other",detail,500,9.7%,0.058,0.58,$31.13,$32.76,"$68,150",2.5%
109,17-3021,Aerospace Engineering and Operations Technologists and Technicians,detail,190,35.2%,0.022,0.26,$30.46,$30.20,"$62,810",2.0%
110,17-3022,Civil Engineering Technologists and Technicians,detail,"1,670",9.8%,0.192,0.40,$26.84,$27.63,"$57,480",2.1%
111,17-3023,Electrical and Electronic Engineering Technologists and Technicians,detail,"5,010",4.9%,0.577,0.70,$32.01,$33.12,"$68,890",1.8%
112,17-3024,Electro-Mechanical and Mechatronics Technologists and Technicians,detail,370,17.5%,0.043,0.45,$29.07,$31.19,"$64,880",5.2%
113,17-3025,Environmental Engineering Technologists and Technicians,detail,610,11.2%,0.070,0.57,$26.22,$26.62,"$55,370",2.5%
114,17-3026,Industrial Engineering Technologists and Technicians,detail,"2,760",8.0%,0.317,0.70,$27.56,$28.08,"$58,400",1.4%
115,17-3027,Mechanical Engineering Technologists and Technicians,detail,"1,480",11.5%,0.171,0.59,$27.10,$27.99,"$58,210",2.9%
116,17-3031,Surveying and Mapping Technicians,detail,"1,400",6.4%,0.161,0.42,$25.27,$26.09,"$54,260",2.1%
117,17-3098,"Calibration Technologists and Technicians and Engineering Technologists and Technicians, Except Drafters, All Other",detail,"2,290",5.3%,0.264,0.40,$27.40,$28.89,"$60,100",2.8%
118,19-0000,"Life, Physical, and Social Science Occupations",major,"68,440",2.6%,7.874,0.85,$33.66,$39.00,"$81,110",1.4%
119,19-1011,Animal Scientists,detail,50,35.3%,0.006,0.29,$30.88,$35.13,"$73,080",4.9%
120,19-1012,Food Scientists and Technologists,detail,460,6.0%,0.053,0.56,$38.85,$40.85,"$84,970",3.4%
121,19-1013,Soil and Plant Scientists,detail,140,14.9%,0.016,0.16,$30.18,$38.07,"$79,180",10.4%
122,19-1021,Biochemists and Biophysicists,detail,930,10.2%,0.107,0.46,$32.30,$41.00,"$85,280",5.1%
123,19-1022,Microbiologists,detail,870,17.6%,0.100,0.70,$37.02,$39.98,"$83,160",2.6%
124,19-1023,Zoologists and Wildlife Biologists,detail,340,3.5%,0.040,0.32,$37.11,$39.42,"$81,990",2.2%
125,19-1029,"Biological Scientists, All Other",detail,790,7.3%,0.091,0.30,$44.70,$44.37,"$92,280",1.7%
126,19-1031,Conservation Scientists,detail,450,18.1%,0.051,0.32,$34.42,$36.58,"$76,080",3.8%
127,19-1032,Foresters,detail,280,13.3%,0.032,0.47,$30.96,$33.00,"$68,640",1.7%
128,19-1041,Epidemiologists,detail,300,16.0%,0.034,0.64,(8),(8),(8),(8)
129,19-1042,"Medical Scientists, Except Epidemiologists",detail,"8,220",8.8%,0.945,1.04,$41.49,$51.97,"$108,100",4.0%
130,19-1099,"Life Scientists, All Other",detail,170,19.7%,0.019,0.41,$36.94,$43.19,"$89,830",8.3%
131,19-2012,Physicists,detail,860,4.1%,0.099,0.85,$74.44,$78.51,"$163,290",2.5%
132,19-2021,Atmospheric and Space Scientists,detail,350,23.9%,0.040,0.55,$51.32,$52.13,"$108,420",4.5%
133,19-2031,Chemists,detail,"3,400",6.1%,0.391,0.66,$37.07,$42.15,"$87,670",4.4%
134,19-2032,Materials Scientists,detail,300,21.8%,0.035,0.70,$42.39,$46.55,"$96,830",4.7%
135,19-2041,"Environmental Scientists and Specialists, Including Health",detail,"3,700",9.9%,0.425,0.70,$36.52,$39.90,"$83,000",3.0%
136,19-2042,"Geoscientists, Except Hydrologists and Geographers",detail,710,30.4%,0.081,0.41,$36.07,$38.30,"$79,670",2.2%
137,19-2043,Hydrologists,detail,200,12.4%,0.023,0.51,$38.30,$43.20,"$89,860",6.5%
138,19-2099,"Physical Scientists, All Other",detail,"1,020",1.3%,0.118,0.86,$47.99,$50.51,"$105,050",2.8%
139,19-3011,Economists,detail,850,10.1%,0.098,0.78,$55.41,$72.19,"$150,160",7.4%
140,19-3022,Survey Researchers,detail,540,18.0%,0.062,0.83,$40.52,$40.77,"$84,810",3.2%
141,19-3031,"Clinical, Counseling, and School Psychologists",detail,"9,900",4.3%,1.139,1.42,$43.14,$46.65,"$97,030",2.2%
142,19-3039,"Psychologists, All Other",detail,500,13.4%,0.057,0.53,$52.03,$47.61,"$99,030",1.5%
143,19-3041,Sociologists,detail,130,31.9%,0.015,0.86,$28.32,$35.23,"$73,270",10.3%
144,19-3051,Urban and Regional Planners,detail,"1,270",8.2%,0.146,0.53,$38.55,$44.87,"$93,330",4.9%
145,19-3091,Anthropologists and Archeologists,detail,80,31.2%,0.009,0.18,$41.48,$44.57,"$92,710",9.9%
146,19-3093,Historians,detail,450,9.2%,0.052,2.59,$14.25,$16.75,"$34,830",2.3%
147,19-3094,Political Scientists,detail,50,0.0%,0.006,0.14,$58.61,$59.30,"$123,350",2.1%
148,19-3099,"Social Scientists and Related Workers, All Other",detail,"2,480",3.0%,0.285,1.15,$44.04,$46.03,"$95,750",1.6%
149,19-4010,Agricultural and Food Science Technicians,broad,550,6.6%,0.063,0.40,$19.93,$21.51,"$44,740",2.4%
150,19-4021,Biological Technicians,detail,"3,960",9.3%,0.455,0.79,$23.35,$24.28,"$50,510",1.5%
151,19-4031,Chemical Technicians,detail,"2,470",14.6%,0.285,0.62,$24.85,$26.27,"$54,630",1.8%
152,19-4042,"Environmental Science and Protection Technicians, Including Health",detail,"1,470",13.6%,0.169,0.74,$23.89,$26.03,"$54,140",2.9%
153,19-4045,Geological and Hydrologic Technicians,detail,220,14.9%,0.025,0.23,$24.28,$25.81,"$53,680",3.6%
154,19-4051,Nuclear Technicians,detail,170,14.4%,0.020,0.44,$53.14,$47.25,"$98,280",6.2%
155,19-4061,Social Science Research Assistants,detail,"4,730",20.3%,0.544,2.14,$21.67,$24.24,"$50,430",2.6%
156,19-4071,Forest and Conservation Technicians,detail,450,27.0%,0.052,0.24,$22.42,$23.23,"$48,320",4.4%
157,19-4092,Forensic Science Technicians,detail,910,0.2%,0.104,0.87,$31.47,$33.05,"$68,750",1.6%
158,19-4099,"Life, Physical, and Social Science Technicians, All Other",detail,"8,620",6.3%,0.992,2.22,$27.22,$27.99,"$58,220",1.5%
159,19-5011,Occupational Health and Safety Specialists,detail,"4,050",6.4%,0.466,0.67,$36.91,$37.65,"$78,310",1.6%
160,19-5012,Occupational Health and Safety Technicians,detail,"1,050",3.0%,0.121,0.80,$28.73,$29.42,"$61,200",1.5%
161,21-0000,Community and Social Service Occupations,major,"190,990",1.3%,21.974,1.37,$24.83,$27.16,"$56,500",0.9%
162,21-1012,"Educational, Guidance, and Career Counselors and Advisors",detail,"25,560",3.1%,2.941,1.40,$30.39,$33.54,"$69,760",2.2%
163,21-1013,Marriage and Family Therapists,detail,"1,380",36.6%,0.159,0.36,$26.65,$25.00,"$51,990",5.5%
164,21-1015,Rehabilitation Counselors,detail,"8,590",7.8%,0.988,1.37,$16.08,$18.29,"$38,050",2.1%
165,21-1018,"Substance Abuse, Behavioral Disorder, and Mental Health Counselors",detail,"16,340",5.1%,1.880,0.89,$25.57,$27.50,"$57,210",3.7%
166,21-1019,"Counselors, All Other",detail,350,16.3%,0.040,0.20,$24.31,$29.56,"$61,480",15.6%
167,21-1021,"Child, Family, and School Social Workers",detail,"25,840",3.7%,2.973,1.26,$28.25,$30.65,"$63,740",1.7%
168,21-1022,Healthcare Social Workers,detail,"18,290",4.3%,2.104,1.66,$27.91,$29.57,"$61,510",1.2%
169,21-1023,Mental Health and Substance Abuse Social Workers,detail,"11,020",3.4%,1.268,1.51,$29.64,$31.13,"$64,750",2.1%
170,21-1029,"Social Workers, All Other",detail,"4,000",3.2%,0.460,1.06,$35.09,$34.72,"$72,210",1.5%
171,21-1091,Health Education Specialists,detail,"4,190",5.4%,0.483,1.16,$26.35,$27.80,"$57,830",1.4%
172,21-1092,Probation Officers and Correctional Treatment Specialists,detail,"4,870",2.9%,0.561,0.87,$34.71,$34.67,"$72,110",0.9%
173,21-1093,Social and Human Service Assistants,detail,"38,300",3.3%,4.406,1.53,$18.16,$19.20,"$39,950",0.9%
174,21-1094,Community Health Workers,detail,"7,300",7.1%,0.839,1.99,$20.37,$22.18,"$46,130",1.8%
175,21-1099,"Community and Social Service Specialists, All Other",detail,"12,600",1.6%,1.449,2.30,$27.56,$28.71,"$59,710",1.7%
176,21-2011,Clergy,detail,"7,090",6.0%,0.816,2.17,$24.81,$27.46,"$57,120",2.6%
177,21-2021,"Directors, Religious Activities and Education",detail,"4,590",5.2%,0.528,3.70,$20.99,$24.63,"$51,240",4.7%
178,21-2099,"Religious Workers, All Other",detail,690,13.5%,0.079,1.24,$14.48,$18.37,"$38,210",5.6%
179,23-0000,Legal Occupations,major,"113,570",1.5%,13.067,1.57,$54.09,$68.37,"$142,200",2.2%
180,23-1011,Lawyers,detail,"76,660",1.9%,8.820,1.86,$74.11,$83.68,"$174,060",2.3%
181,23-1012,Judicial Law Clerks,detail,720,0.8%,0.083,0.79,$65.16,$61.33,"$127,580",2.5%
182,23-1021,"Administrative Law Judges, Adjudicators, and Hearing Officers",detail,"1,540",0.1%,0.177,1.69,$51.27,$51.68,"$107,490",1.4%
183,23-1022,"Arbitrators, Mediators, and Conciliators",detail,510,22.1%,0.059,1.40,$39.61,$40.40,"$84,030",3.1%
184,23-1023,"Judges, Magistrate Judges, and Magistrates",detail,"3,410",1.9%,0.392,1.91,$80.29,$80.66,"$167,770",1.2%
185,23-2011,Paralegals and Legal Assistants,detail,"27,540",5.4%,3.169,1.32,$27.64,$30.06,"$62,530",3.6%
186,23-2093,"Title Examiners, Abstractors, and Searchers",detail,"1,360",18.2%,0.156,0.40,$31.55,$31.91,"$66,370",4.0%
187,23-2099,"Legal Support Workers, All Other",detail,"1,830",4.7%,0.210,0.64,$28.68,$32.11,"$66,780",3.1%
188,25-0000,Educational Instruction and Library Occupations,major,"669,080",1.0%,76.981,1.27,$31.41,$36.73,"$76,390",1.6%
189,25-1011,"Business Teachers, Postsecondary",detail,"9,030",3.7%,1.039,1.81,(4),(4),"$120,740",4.2%
190,25-1021,"Computer Science Teachers, Postsecondary",detail,"3,420",3.4%,0.393,1.70,(4),(4),"$115,000",3.1%
191,25-1022,"Mathematical Science Teachers, Postsecondary",detail,"4,560",3.5%,0.525,1.47,(4),(4),"$111,940",2.6%
192,25-1031,"Architecture Teachers, Postsecondary",detail,900,4.2%,0.104,2.09,(4),(4),"$137,430",3.9%
193,25-1032,"Engineering Teachers, Postsecondary",detail,"3,030",1.5%,0.348,1.26,(4),(4),"$126,770",2.1%
194,25-1041,"Agricultural Sciences Teachers, Postsecondary",detail,490,8.0%,0.056,0.92,(4),(4),"$115,080",5.1%
195,25-1042,"Biological Science Teachers, Postsecondary",detail,"4,620",4.3%,0.532,1.44,(4),(4),"$119,960",1.8%
196,25-1043,"Forestry and Conservation Science Teachers, Postsecondary",detail,80,4.5%,0.010,0.91,(4),(4),"$68,810",3.0%
197,25-1051,"Atmospheric, Earth, Marine, and Space Sciences Teachers, Postsecondary",detail,"2,370",3.7%,0.272,3.23,(4),(4),"$118,060",2.8%
198,25-1052,"Chemistry Teachers, Postsecondary",detail,"2,360",5.6%,0.271,1.75,(4),(4),"$111,480",2.2%
199,25-1053,"Environmental Science Teachers, Postsecondary",detail,590,8.5%,0.068,1.62,(4),(4),"$104,840",5.5%
200,25-1054,"Physics Teachers, Postsecondary",detail,"1,380",3.4%,0.159,1.62,(4),(4),"$122,820",3.2%
201,25-1061,"Anthropology and Archeology Teachers, Postsecondary",detail,740,4.5%,0.085,2.13,(4),(4),"$121,740",2.6%
202,25-1062,"Area, Ethnic, and Cultural Studies Teachers, Postsecondary",detail,"1,630",3.9%,0.188,2.62,(4),(4),"$111,390",2.7%
203,25-1063,"Economics Teachers, Postsecondary",detail,"2,050",9.4%,0.236,2.51,(4),(4),"$137,290",2.7%
204,25-1064,"Geography Teachers, Postsecondary",detail,160,11.9%,0.019,0.70,(4),(4),"$91,940",2.4%
205,25-1065,"Political Science Teachers, Postsecondary",detail,"1,510",3.4%,0.174,1.60,(4),(4),"$132,240",6.5%
206,25-1066,"Psychology Teachers, Postsecondary",detail,"4,070",4.8%,0.469,1.79,(4),(4),"$106,570",2.9%
207,25-1067,"Sociology Teachers, Postsecondary",detail,"1,680",6.6%,0.194,2.01,(4),(4),"$111,610",3.8%
208,25-1069,"Social Sciences Teachers, Postsecondary, All Other",detail,"3,660",6.1%,0.421,3.32,(4),(4),"$106,650",3.5%
209,25-1071,"Health Specialties Teachers, Postsecondary",detail,"23,350",6.2%,2.687,1.87,(4),(4),"$139,120",3.5%
210,25-1072,"Nursing Instructors and Teachers, Postsecondary",detail,"5,100",3.6%,0.587,1.34,(4),(4),"$98,850",2.3%
211,25-1081,"Education Teachers, Postsecondary",detail,"6,120",6.6%,0.705,1.70,(4),(4),"$95,010",3.6%
212,25-1082,"Library Science Teachers, Postsecondary",detail,100,14.9%,0.012,0.39,(4),(4),"$106,130",5.5%
213,25-1111,"Criminal Justice and Law Enforcement Teachers, Postsecondary",detail,"1,490",9.3%,0.171,1.70,(4),(4),"$86,340",11.1%
214,25-1112,"Law Teachers, Postsecondary",detail,"2,570",20.9%,0.296,2.76,(4),(4),"$142,950",4.7%
215,25-1113,"Social Work Teachers, Postsecondary",detail,"2,340",13.4%,0.270,2.76,(4),(4),"$101,370",4.2%
216,25-1121,"Art, Drama, and Music Teachers, Postsecondary",detail,"10,300",4.0%,1.185,1.81,(4),(4),"$110,800",3.7%
217,25-1122,"Communications Teachers, Postsecondary",detail,"3,200",5.5%,0.368,1.80,(4),(4),"$99,610",3.2%
218,25-1123,"English Language and Literature Teachers, Postsecondary",detail,"8,170",4.4%,0.940,2.02,(4),(4),"$107,330",2.4%
219,25-1124,"Foreign Language and Literature Teachers, Postsecondary",detail,"1,910",5.6%,0.220,1.34,(4),(4),"$97,400",3.4%
220,25-1125,"History Teachers, Postsecondary",detail,"2,220",6.4%,0.256,1.74,(4),(4),"$100,800",3.3%
221,25-1126,"Philosophy and Religion Teachers, Postsecondary",detail,"2,730",10.3%,0.314,1.91,(4),(4),"$94,080",2.3%
222,25-1193,"Recreation and Fitness Studies Teachers, Postsecondary",detail,890,5.7%,0.103,0.97,(4),(4),"$83,010",3.9%
223,25-1194,"Career/Technical Education Teachers, Postsecondary",detail,"4,230",9.2%,0.487,0.64,$31.81,$37.23,"$77,430",4.1%
224,25-1199,"Postsecondary Teachers, All Other",detail,"4,810",3.3%,0.554,0.40,(4),(4),"$126,560",7.0%
225,25-2011,"Preschool Teachers, Except Special Education",detail,"21,750",11.2%,2.502,0.94,$19.16,$21.52,"$44,760",2.2%
226,25-2012,"Kindergarten Teachers, Except Special Education",detail,"6,950",8.0%,0.800,0.93,(4),(4),"$79,650",3.9%
227,25-2021,"Elementary School Teachers, Except Special Education",detail,"92,700",5.3%,10.666,1.09,(4),(4),"$84,380",2.2%
228,25-2022,"Middle School Teachers, Except Special and Career/Technical Education",detail,"42,380",7.0%,4.876,1.13,(4),(4),"$89,150",2.0%
229,25-2023,"Career/Technical Education Teachers, Middle School",detail,"1,420",11.3%,0.163,1.94,(4),(4),"$84,010",3.6%
230,25-2031,"Secondary School Teachers, Except Special and Career/Technical Education",detail,"67,810",9.0%,7.802,1.10,(4),(4),"$88,890",2.0%
231,25-2032,"Career/Technical Education Teachers, Secondary School",detail,"4,740",9.1%,0.546,1.03,(4),(4),"$78,880",2.8%
232,25-2051,"Special Education Teachers, Preschool",detail,"4,730",12.9%,0.544,3.73,(4),(4),"$91,760",10.1%
233,25-2052,"Special Education Teachers, Kindergarten and Elementary School",detail,"21,850",9.8%,2.514,1.83,(4),(4),"$78,710",3.6%
234,25-2057,"Special Education Teachers, Middle School",detail,"9,220",8.8%,1.060,1.84,(4),(4),"$90,960",2.4%
235,25-2058,"Special Education Teachers, Secondary School",detail,"15,150",2.6%,1.743,1.70,(4),(4),"$84,370",2.0%
236,25-2059,"Special Education Teachers, All Other",detail,"2,300",17.0%,0.265,1.12,(4),(4),"$92,650",5.7%
237,25-3011,"Adult Basic Education, Adult Secondary Education, and English as a Second Language Instructors",detail,"3,950",26.4%,0.454,1.47,$31.39,$33.14,"$68,930",2.6%
238,25-3021,Self-Enrichment Teachers,detail,"28,170",4.8%,3.242,2.02,$25.63,$34.89,"$72,570",7.5%
239,25-3031,"Substitute Teachers, Short-Term",detail,"29,780",7.6%,3.426,0.93,$17.48,$19.77,"$41,110",4.8%
240,25-3097,"Tutors and Teachers and Instructors, All Other",detail,"18,570",6.7%,2.136,0.96,(4),(4),"$65,550",8.2%
241,25-4011,Archivists,detail,560,13.5%,0.064,1.36,$30.73,$31.98,"$66,530",2.6%
242,25-4012,Curators,detail,"1,380",19.2%,0.159,1.89,$30.56,$34.88,"$72,560",3.0%
243,25-4013,Museum Technicians and Conservators,detail,"1,090",12.5%,0.125,1.46,$28.46,$29.92,"$62,230",3.1%
244,25-4022,Librarians and Media Collections Specialists,detail,"11,370",3.2%,1.308,1.35,$33.51,$35.43,"$73,690",1.0%
245,25-4031,Library Technicians,detail,"6,870",4.3%,0.790,1.23,$16.20,$18.12,"$37,680",1.5%
246,25-9021,Farm and Home Management Educators,detail,100,39.0%,0.012,0.21,$22.85,$24.27,"$50,480",4.2%
247,25-9031,Instructional Coordinators,detail,"19,270",4.5%,2.217,1.76,$36.80,$37.60,"$78,210",1.5%
248,25-9044,"Teaching Assistants, Postsecondary",detail,"9,830",2.3%,1.131,1.13,(4),(4),"$51,910",2.0%
249,25-9045,"Teaching Assistants, Except Postsecondary",detail,"118,060",2.0%,13.583,1.48,(4),(4),"$34,400",1.9%
250,25-9099,"Educational Instruction and Library Workers, All Other",detail,"1,200",10.1%,0.138,0.13,$26.17,$27.42,"$57,040",2.3%
251,27-0000,"Arts, Design, Entertainment, Sports, and Media Occupations",major,"200,040",2.0%,23.016,1.72,$33.99,$41.83,"$87,010",1.2%
252,27-1011,Art Directors,detail,"7,670",5.9%,0.883,3.00,$56.85,$68.37,"$142,210",4.7%
253,27-1012,Craft Artists,detail,110,49.2%,0.012,0.41,$18.14,$19.30,"$40,150",5.7%
254,27-1013,"Fine Artists, Including Painters, Sculptors, and Illustrators",detail,"1,310",19.8%,0.150,1.89,(8),(8),(8),(8)
255,27-1014,Special Effects Artists and Animators,detail,"2,000",16.3%,0.230,1.21,$45.21,$47.48,"$98,770",3.9%
256,27-1019,"Artists and Related Workers, All Other",detail,190,22.3%,0.022,0.42,$35.91,$46.55,"$96,830",11.1%
257,27-1021,Commercial and Industrial Designers,detail,"1,870",10.7%,0.215,0.99,$36.67,$41.23,"$85,760",3.5%
258,27-1022,Fashion Designers,detail,"8,100",10.3%,0.932,6.16,$37.03,$44.08,"$91,690",2.2%
259,27-1023,Floral Designers,detail,"1,690",11.2%,0.194,0.73,$14.87,$16.56,"$34,450",3.8%
260,27-1024,Graphic Designers,detail,"18,910",3.7%,2.175,1.50,$30.40,$32.82,"$68,260",1.6%
261,27-1025,Interior Designers,detail,"4,490",14.6%,0.517,1.22,$32.79,$34.25,"$71,240",4.0%
262,27-1026,Merchandise Displayers and Window Trimmers,detail,"6,110",7.7%,0.703,0.73,$17.33,$19.82,"$41,230",2.2%
263,27-1027,Set and Exhibit Designers,detail,"2,060",19.9%,0.237,3.01,$41.16,$40.74,"$84,730",3.1%
264,27-1029,"Designers, All Other",detail,740,16.6%,0.085,1.11,$33.83,$35.01,"$72,810",3.9%
265,27-2011,Actors,detail,"7,430",17.2%,0.855,2.68,$30.53,$47.79,(4),10.4%
266,27-2012,Producers and Directors,detail,"24,330",4.4%,2.799,3.26,$49.91,$58.74,"$122,180",2.7%
267,27-2021,Athletes and Sports Competitors,detail,160,30.1%,0.019,0.31,(4),(4),"$95,650",10.0%
268,27-2022,Coaches and Scouts,detail,"10,900",7.8%,1.255,0.84,(4),(4),"$54,510",2.4%
269,27-2023,"Umpires, Referees, and Other Sports Officials",detail,600,31.6%,0.069,0.58,(8),(8),(8),(8)
270,27-2031,Dancers,detail,"1,540",19.4%,0.178,3.36,$19.22,$27.10,(4),8.3%
271,27-2032,Choreographers,detail,(8),(8),(8),(8),$24.88,$46.72,"$97,180",10.1%
272,27-2041,Music Directors and Composers,detail,"2,070",19.7%,0.238,3.60,$28.21,$39.19,"$81,520",16.1%
273,27-2042,Musicians and Singers,detail,"5,110",8.5%,0.588,2.35,$33.08,$45.59,(4),5.9%
274,27-2090,"Miscellaneous Entertainers and Performers, Sports and Related Workers",broad,640,20.1%,0.074,0.75,$22.23,$40.49,(4),23.5%
275,27-3011,Broadcast Announcers and Radio Disc Jockeys,detail,"1,530",15.1%,0.176,0.90,$24.21,$40.10,"$83,400",6.1%
276,27-3023,"News Analysts, Reporters, and Journalists",detail,"5,790",16.8%,0.666,2.23,$38.62,$43.48,"$90,450",3.1%
277,27-3031,Public Relations Specialists,detail,"27,120",4.9%,3.121,1.77,$33.25,$38.32,"$79,700",2.5%
278,27-3041,Editors,detail,"19,660",5.5%,2.262,3.37,$38.21,$44.98,"$93,550",2.2%
279,27-3042,Technical Writers,detail,"1,540",7.3%,0.177,0.50,$37.18,$40.49,"$84,220",2.7%
280,27-3043,Writers and Authors,detail,"6,700",6.2%,0.771,2.42,$37.04,$46.10,"$95,880",3.8%
281,27-3091,Interpreters and Translators,detail,"3,240",27.1%,0.373,0.91,$32.62,$34.24,"$71,230",2.4%
282,27-3092,Court Reporters and Simultaneous Captioners,detail,"1,210",10.3%,0.139,1.40,$49.98,$46.46,"$96,640",1.8%
283,27-3099,"Media and Communication Workers, All Other",detail,980,35.2%,0.113,0.75,$29.47,$33.53,"$69,730",4.3%
284,27-4011,Audio and Video Technicians,detail,"6,250",6.1%,0.719,1.60,$27.04,$29.80,"$61,980",2.3%
285,27-4012,Broadcast Technicians,detail,"4,480",10.8%,0.515,2.76,$25.91,$28.01,"$58,270",2.2%
286,27-4014,Sound Engineering Technicians,detail,"1,380",12.2%,0.159,2.03,$30.50,$38.47,"$80,030",7.0%
287,27-4021,Photographers,detail,"3,710",11.4%,0.427,1.43,$29.23,$35.15,"$73,110",5.9%
288,27-4031,"Camera Operators, Television, Video, and Film",detail,"3,180",11.1%,0.366,2.50,$52.69,$52.55,"$109,310",4.4%
289,27-4032,Film and Video Editors,detail,"2,880",11.6%,0.331,2.05,$41.44,$47.31,"$98,400",3.6%
290,27-4098,"Lighting Technicians and Media and Communication Equipment Workers, All Other",detail,(8),(8),(8),(8),$35.23,$37.82,"$78,670",4.1%
291,29-0000,Healthcare Practitioners and Technical Occupations,major,"531,520",1.3%,61.155,0.99,$39.43,$46.09,"$95,870",0.9%
292,29-1011,Chiropractors,detail,"1,660",12.5%,0.191,0.76,$37.76,$40.97,"$85,230",3.3%
293,29-1021,"Dentists, General",detail,"6,270",7.5%,0.722,1.05,$73.11,$81.90,"$170,350",4.4%
294,29-1022,Oral and Maxillofacial Surgeons,detail,300,25.9%,0.034,1.16,(5),$109.44,"$227,640",11.8%
295,29-1023,Orthodontists,detail,280,29.2%,0.032,0.89,$67.93,$96.12,"$199,930",14.2%
296,29-1029,"Dentists, All Other Specialists",detail,260,19.3%,0.030,0.74,$98.45,$99.18,"$206,290",8.4%
297,29-1031,Dietitians and Nutritionists,detail,"4,450",2.7%,0.512,1.07,$33.72,$33.69,"$70,070",0.7%
298,29-1041,Optometrists,detail,"1,610",10.6%,0.185,0.70,$62.50,$67.02,"$139,410",5.6%
299,29-1051,Pharmacists,detail,"19,460",4.7%,2.239,0.99,$59.77,$58.24,"$121,150",2.0%
300,29-1071,Physician Assistants,detail,"13,760",5.8%,1.584,1.76,$59.95,$60.76,"$126,370",0.9%
301,29-1081,Podiatrists,detail,"1,050",6.9%,0.121,1.74,$72.89,$85.83,"$178,520",8.0%
302,29-1122,Occupational Therapists,detail,"10,560",4.0%,1.215,1.34,$40.75,$43.83,"$91,170",2.0%
303,29-1123,Physical Therapists,detail,"16,150",3.6%,1.859,1.17,$44.12,$44.64,"$92,860",1.0%
304,29-1124,Radiation Therapists,detail,"1,320",6.9%,0.152,1.22,$50.47,$57.92,"$120,470",3.5%
305,29-1125,Recreational Therapists,detail,"1,430",3.8%,0.164,1.14,$27.16,$27.89,"$58,010",1.1%
306,29-1126,Respiratory Therapists,detail,"6,040",2.9%,0.695,0.73,$38.65,$38.39,"$79,840",0.7%
307,29-1127,Speech-Language Pathologists,detail,"12,950",5.2%,1.490,1.40,$43.20,$47.12,"$98,010",2.4%
308,29-1128,Exercise Physiologists,detail,230,17.2%,0.026,0.49,$30.62,$33.05,"$68,740",4.1%
309,29-1129,"Therapists, All Other",detail,940,7.5%,0.108,1.29,$29.51,$31.04,"$64,560",1.5%
310,29-1131,Veterinarians,detail,"3,530",10.1%,0.406,0.77,$53.54,$58.10,"$120,840",4.1%
311,29-1141,Registered Nurses,detail,"178,550",1.5%,20.543,0.96,$43.19,$43.16,"$89,760",1.1%
312,29-1151,Nurse Anesthetists,detail,"1,920",15.6%,0.221,0.73,$96.20,$104.35,"$217,050",2.8%
313,29-1161,Nurse Midwives,detail,460,8.4%,0.053,1.03,$57.33,$60.47,"$125,780",5.5%
314,29-1171,Nurse Practitioners,detail,"14,850",4.6%,1.709,1.13,$59.62,$60.79,"$126,440",2.2%
315,29-1181,Audiologists,detail,760,30.8%,0.087,0.91,$38.97,$41.14,"$85,580",4.5%
316,29-1211,Anesthesiologists,detail,"2,260",25.4%,0.260,1.26,(5),$114.12,"$237,380",9.0%
317,29-1215,Family Medicine Physicians,detail,"4,170",6.4%,0.479,0.68,$91.92,$96.24,"$200,170",4.0%
318,29-1216,General Internal Medicine Physicians,detail,"8,750",6.5%,1.007,2.77,$67.25,$82.39,"$171,360",4.3%
319,29-1218,Obstetricians and Gynecologists,detail,"1,830",10.7%,0.210,1.55,(5),$103.12,"$214,490",5.2%
320,29-1221,"Pediatricians, General",detail,"3,440",16.1%,0.396,2.00,$77.30,$82.08,"$170,720",3.6%
321,29-1223,Psychiatrists,detail,"4,040",8.2%,0.465,2.53,$94.10,$94.36,"$196,280",4.4%
322,29-1228,"Physicians, All Other; and Ophthalmologists, Except Pediatric",detail,"30,090",3.5%,3.462,1.28,(5),$98.22,"$204,290",4.0%
323,29-1248,"Surgeons, Except Ophthalmologists",detail,"2,960",9.1%,0.341,1.25,(5),$102.48,"$213,160",4.8%
324,29-1292,Dental Hygienists,detail,"9,190",5.2%,1.057,0.75,$36.99,$36.97,"$76,890",1.8%
325,29-1298,"Acupuncturists and Healthcare Diagnosing or Treating Practitioners, All Other",detail,"2,360",12.5%,0.271,1.05,$33.86,$40.75,"$84,750",4.5%
326,29-2010,Clinical Laboratory Technologists and Technicians,broad,"17,470",2.7%,2.010,0.86,$33.36,$33.00,"$68,630",1.2%
327,29-2031,Cardiovascular Technologists and Technicians,detail,"3,360",3.8%,0.386,0.96,$31.64,$32.67,"$67,960",1.4%
328,29-2032,Diagnostic Medical Sonographers,detail,"5,970",6.6%,0.687,1.29,$38.58,$38.37,"$79,800",1.5%
329,29-2033,Nuclear Medicine Technologists,detail,870,5.9%,0.100,0.80,$43.94,$43.28,"$90,020",0.8%
330,29-2034,Radiologic Technologists and Technicians,detail,"12,170",2.9%,1.400,0.94,$35.36,$35.17,"$73,150",0.8%
331,29-2035,Magnetic Resonance Imaging Technologists,detail,"2,140",7.8%,0.246,0.87,$43.51,$42.69,"$88,800",1.7%
332,29-2040,Emergency Medical Technicians and Paramedics,broad,"19,620",4.3%,2.257,1.22,$21.26,$22.56,"$46,920",1.8%
333,29-2051,Dietetic Technicians,detail,"1,060",5.6%,0.122,0.64,$19.57,$20.19,"$41,990",1.6%
334,29-2052,Pharmacy Technicians,detail,"18,970",6.9%,2.183,0.73,$16.85,$17.84,"$37,100",1.6%
335,29-2053,Psychiatric Technicians,detail,"2,540",16.4%,0.292,0.48,$20.82,$20.12,"$41,850",2.8%
336,29-2055,Surgical Technologists,detail,"5,510",3.6%,0.634,0.82,$27.93,$28.55,"$59,380",1.2%
337,29-2056,Veterinary Technologists and Technicians,detail,"4,350",6.0%,0.501,0.64,$20.54,$21.05,"$43,780",2.0%
338,29-2057,Ophthalmic Medical Technicians,detail,"4,150",21.5%,0.478,1.11,$17.22,$18.64,"$38,760",4.2%
339,29-2061,Licensed Practical and Licensed Vocational Nurses,detail,"44,440",2.3%,5.113,1.05,$24.57,$24.66,"$51,300",0.5%
340,29-2081,"Opticians, Dispensing",detail,"3,100",12.4%,0.357,0.73,$26.23,$25.54,"$53,130",3.4%
341,29-2091,Orthotists and Prosthetists,detail,330,27.3%,0.037,0.55,$38.14,$37.97,"$78,970",6.3%
342,29-2092,Hearing Aid Specialists,detail,130,20.4%,0.014,0.26,$23.19,$25.70,"$53,460",4.6%
343,29-2098,"Medical Dosimetrists, Medical Records Specialists, and Health Technologists and Technicians, All Other",detail,"14,280",4.5%,1.643,0.72,$24.14,$26.53,"$55,180",1.6%
344,29-9091,Athletic Trainers,detail,990,6.1%,0.114,0.58,(4),(4),"$56,160",2.0%
345,29-9092,Genetic Counselors,detail,160,6.3%,0.018,1.11,$46.62,$46.56,"$96,850",1.5%
346,29-9098,"Health Information Technologists, Medical Registrars, Surgical Assistants, and Healthcare Practitioners and Technical Workers, All Other",detail,"2,040",12.1%,0.234,0.43,$31.08,$38.87,"$80,850",4.5%
347,31-0000,Healthcare Support Occupations,major,"638,750",1.1%,73.492,1.59,$15.55,$16.71,"$34,750",0.5%
348,31-1120,Home Health and Personal Care Aides,broad,"469,370",1.4%,54.003,2.34,$14.86,$15.45,"$32,140",0.6%
349,31-1131,Nursing Assistants,detail,"81,440",1.8%,9.370,0.95,$19.60,$19.53,"$40,620",0.8%
350,31-1132,Orderlies,detail,"3,210",3.7%,0.370,1.18,$19.81,$19.20,"$39,940",1.2%
351,31-1133,Psychiatric Aides,detail,"5,420",5.0%,0.623,1.68,$22.00,$21.82,"$45,390",1.2%
352,31-2011,Occupational Therapy Assistants,detail,"2,620",7.5%,0.302,0.98,$30.05,$29.91,"$62,220",1.7%
353,31-2012,Occupational Therapy Aides,detail,150,26.0%,0.017,0.42,$28.01,$27.33,"$56,840",5.4%
354,31-2021,Physical Therapist Assistants,detail,"5,200",8.9%,0.598,0.90,$27.02,$26.55,"$55,220",3.2%
355,31-2022,Physical Therapist Aides,detail,"2,900",10.8%,0.334,1.01,$15.26,$16.40,"$34,120",2.3%
356,31-9011,Massage Therapists,detail,"5,180",11.9%,0.596,0.97,$25.27,$26.58,"$55,290",4.9%
357,31-9091,Dental Assistants,detail,"14,420",4.4%,1.659,0.74,$20.44,$20.74,"$43,150",2.1%
358,31-9092,Medical Assistants,detail,"25,490",6.0%,2.932,0.57,$18.59,$19.16,"$39,850",1.0%
359,31-9093,Medical Equipment Preparers,detail,"3,690",3.9%,0.424,1.04,$22.31,$22.20,"$46,180",0.9%
360,31-9094,Medical Transcriptionists,detail,"2,550",8.7%,0.294,0.83,$15.15,$17.36,"$36,110",2.4%
361,31-9095,Pharmacy Aides,detail,"1,920",18.6%,0.221,0.79,$14.88,$15.74,"$32,740",1.9%
362,31-9096,Veterinary Assistants and Laboratory Animal Caretakers,detail,"4,810",8.7%,0.553,0.78,$15.90,$16.40,"$34,100",1.8%
363,31-9097,Phlebotomists,detail,"5,800",7.0%,0.667,0.72,$20.85,$21.46,"$44,630",1.5%
364,31-9099,"Healthcare Support Workers, All Other",detail,"4,610",7.4%,0.530,0.76,$20.31,$20.93,"$43,540",1.2%
365,33-0000,Protective Service Occupations,major,"294,130",2.7%,33.841,1.40,$24.67,$29.28,"$60,910",2.8%
366,33-1011,First-Line Supervisors of Correctional Officers,detail,"3,860",0.8%,0.444,1.16,$46.88,$47.23,"$98,240",1.6%
367,33-1012,First-Line Supervisors of Police and Detectives,detail,"13,310",0.5%,1.532,1.74,$59.04,$59.06,"$122,840",1.6%
368,33-1021,First-Line Supervisors of Firefighting and Prevention Workers,detail,"4,320",1.9%,0.498,1.00,$54.88,$55.05,"$114,510",2.4%
369,33-1090,"Miscellaneous First-Line Supervisors, Protective Service Workers",broad,"8,500",9.3%,0.978,1.73,$27.22,$29.32,"$60,990",2.4%
370,33-2011,Firefighters,detail,"14,200",2.3%,1.633,0.73,$37.42,$37.20,"$77,380",2.0%
371,33-2021,Fire Inspectors and Investigators,detail,"1,090",17.2%,0.125,1.24,$32.08,$33.73,"$70,150",2.8%
372,33-3011,Bailiffs,detail,"4,000",1.0%,0.460,3.53,$34.51,$32.04,"$66,630",1.9%
373,33-3012,Correctional Officers and Jailers,detail,(8),(8),(8),(8),$32.41,$33.41,"$69,490",1.2%
374,33-3021,Detectives and Criminal Investigators,detail,"9,140",0.3%,1.051,1.38,$43.90,$46.63,"$97,000",2.2%
375,33-3031,Fish and Game Wardens,detail,400,1.1%,0.046,0.89,$31.56,$32.20,"$66,980",0.9%
376,33-3041,Parking Enforcement Workers,detail,530,9.6%,0.060,1.11,$20.81,$22.91,"$47,650",2.8%
377,33-3051,Police and Sheriff's Patrol Officers,detail,"55,590",0.5%,6.396,1.36,$39.80,$38.56,"$80,210",1.5%
378,33-3052,Transit and Railroad Police,detail,"1,600",5.8%,0.184,6.75,$35.06,$33.77,"$70,230",5.0%
379,33-9011,Animal Control Workers,detail,770,3.8%,0.088,1.06,$18.19,$19.77,"$41,120",1.2%
380,33-9021,Private Detectives and Investigators,detail,"1,430",17.2%,0.165,0.71,$27.63,$28.16,"$58,560",4.5%
381,33-9031,Gambling Surveillance Officers and Gambling Investigators,detail,100,24.8%,0.011,0.19,$17.82,$19.00,"$39,510",7.3%
382,33-9032,Security Guards,detail,"106,850",6.4%,12.294,1.62,$17.48,$18.80,"$39,110",1.8%
383,33-9091,Crossing Guards and Flaggers,detail,"10,840",2.8%,1.248,2.04,$19.17,$19.19,"$39,920",1.5%
384,33-9092,"Lifeguards, Ski Patrol, and Other Recreational Protective Service Workers",detail,"5,880",7.4%,0.676,0.83,$13.92,$14.99,"$31,180",1.4%
385,33-9093,Transportation Security Screeners,detail,"3,580",0.1%,0.411,1.22,$21.98,$21.49,"$44,700",3.4%
386,33-9098,"School Bus Monitors and Protective Service Workers, All Other",detail,"13,470",4.5%,1.550,1.49,$14.78,$16.14,"$33,570",1.6%
387,35-0000,Food Preparation and Serving Related Occupations,major,"572,430",0.9%,65.861,0.81,$14.75,$16.81,"$34,970",0.8%
388,35-1011,Chefs and Head Cooks,detail,"12,930",10.9%,1.488,2.04,$26.01,$29.83,"$62,050",7.1%
389,35-1012,First-Line Supervisors of Food Preparation and Serving Workers,detail,"37,110",5.4%,4.270,0.67,$19.59,$20.95,"$43,580",1.2%
390,35-2011,"Cooks, Fast Food",detail,"10,770",16.8%,1.240,0.32,$12.82,$13.67,"$28,430",2.0%
391,35-2012,"Cooks, Institution and Cafeteria",detail,"14,460",3.3%,1.664,0.60,$17.37,$18.17,"$37,790",0.6%
392,35-2014,"Cooks, Restaurant",detail,"50,520",5.1%,5.813,0.73,$15.77,$16.59,"$34,510",1.0%
393,35-2015,"Cooks, Short Order",detail,"5,190",20.9%,0.597,0.67,$15.13,$15.72,"$32,700",4.4%
394,35-2019,"Cooks, All Other",detail,"1,050",16.2%,0.120,0.88,$16.27,$16.93,"$35,220",2.0%
395,35-2021,Food Preparation Workers,detail,"46,530",6.2%,5.354,0.94,$14.93,$15.64,"$32,530",1.6%
396,35-3011,Bartenders,detail,"29,580",3.5%,3.403,0.97,$15.56,$19.45,"$40,460",2.3%
397,35-3023,Fast Food and Counter Workers,detail,"173,030",4.0%,19.908,0.80,$13.79,$14.16,"$29,450",0.6%
398,35-3031,Waiters and Waitresses,detail,"105,100",3.2%,12.092,0.87,$15.75,$18.99,"$39,510",2.0%
399,35-3041,"Food Servers, Nonrestaurant",detail,"15,000",4.2%,1.725,0.94,$15.47,$16.69,"$34,720",1.2%
400,35-9011,Dining Room and Cafeteria Attendants and Bartender Helpers,detail,"32,770",5.6%,3.770,1.40,$14.51,$16.44,"$34,190",2.1%
401,35-9021,Dishwashers,detail,"23,450",5.1%,2.698,0.95,$13.56,$14.61,"$30,390",1.1%
402,35-9031,"Hosts and Hostesses, Restaurant, Lounge, and Coffee Shop",detail,"12,720",6.7%,1.463,0.64,$14.53,$15.47,"$32,180",2.1%
403,35-9099,"Food Preparation and Serving Related Workers, All Other",detail,"2,160",13.4%,0.248,0.50,$14.60,$15.29,"$31,810",2.1%
404,37-0000,Building and Grounds Cleaning and Maintenance Occupations,major,"273,330",1.4%,31.448,1.07,$16.89,$18.75,"$39,000",0.8%
405,37-1011,First-Line Supervisors of Housekeeping and Janitorial Workers,detail,"9,680",4.9%,1.114,1.10,$26.73,$26.97,"$56,100",2.0%
406,37-1012,"First-Line Supervisors of Landscaping, Lawn Service, and Groundskeeping Workers",detail,"3,920",7.2%,0.451,0.60,$30.21,$30.99,"$64,470",2.3%
407,37-2011,"Janitors and Cleaners, Except Maids and Housekeeping Cleaners",detail,"166,340",2.1%,19.138,1.34,$16.50,$18.12,"$37,680",1.1%
408,37-2012,Maids and Housekeeping Cleaners,detail,"39,570",4.4%,4.553,0.80,$16.03,$18.48,"$38,430",1.9%
409,37-2019,"Building Cleaning Workers, All Other",detail,(8),(8),(8),(8),$28.67,$28.73,"$59,760",4.0%
410,37-2021,Pest Control Workers,detail,"3,410",7.6%,0.392,0.69,$19.00,$20.18,"$41,980",3.6%
411,37-3011,Landscaping and Groundskeeping Workers,detail,"43,090",3.4%,4.958,0.79,$16.78,$18.14,"$37,730",1.4%
412,37-3012,"Pesticide Handlers, Sprayers, and Applicators, Vegetation",detail,(8),(8),(8),(8),$18.39,$19.42,"$40,400",5.8%
413,37-3013,Tree Trimmers and Pruners,detail,"3,030",29.3%,0.349,0.93,$26.76,$25.11,"$52,230",6.6%
414,37-3019,"Grounds Maintenance Workers, All Other",detail,"3,270",0.4%,0.376,3.65,$14.73,$15.11,"$31,440",2.7%
415,39-0000,Personal Care and Service Occupations,major,"197,040",1.9%,22.671,1.17,$15.44,$18.24,"$37,940",0.9%
416,39-1013,First-Line Supervisors of Gambling Services Workers,detail,580,27.2%,0.066,0.48,$28.16,$28.41,"$59,090",2.6%
417,39-1098,"First-Line Supervisors of Personal Service and Entertainment and Recreation Workers, Except Gambling Services",detail,"12,920",3.5%,1.486,1.18,$23.75,$25.06,"$52,130",1.2%
418,39-2011,Animal Trainers,detail,770,16.9%,0.088,0.82,$20.40,$28.83,"$59,970",14.5%
419,39-2021,Animal Caretakers,detail,"10,970",8.3%,1.262,0.91,$14.36,$15.87,"$33,000",1.9%
420,39-3011,Gambling Dealers,detail,"2,160",31.3%,0.249,0.51,$13.47,$17.12,"$35,610",7.7%
421,39-3012,Gambling and Sports Book Writers and Runners,detail,270,21.0%,0.031,0.57,(8),(8),(8),(8)
422,39-3019,"Gambling Service Workers, All Other",detail,(8),(8),(8),(8),$14.20,$16.17,"$33,640",6.0%
423,39-3021,Motion Picture Projectionists,detail,150,23.8%,0.017,1.05,$23.21,$24.18,"$50,300",7.1%
424,39-3031,"Ushers, Lobby Attendants, and Ticket Takers",detail,"6,930",8.5%,0.797,1.16,$15.42,$16.75,"$34,840",2.9%
425,39-3091,Amusement and Recreation Attendants,detail,"11,250",6.7%,1.295,0.73,$13.64,$14.56,"$30,280",0.9%
426,39-3092,Costume Attendants,detail,"1,100",18.1%,0.127,3.06,$36.79,$37.89,"$78,800",5.0%
427,39-3093,"Locker Room, Coatroom, and Dressing Room Attendants",detail,"1,040",14.0%,0.120,1.44,$14.85,$16.95,"$35,260",3.7%
428,39-3099,"Entertainment Attendants and Related Workers, All Other",detail,150,48.3%,0.017,0.61,$16.60,$17.47,"$36,340",4.5%
429,39-4021,Funeral Attendants,detail,"1,290",19.5%,0.149,0.64,$16.40,$16.99,"$35,340",3.9%
430,39-4031,"Morticians, Undertakers, and Funeral Arrangers",detail,"1,390",16.8%,0.159,0.90,$29.29,$31.16,"$64,810",9.0%
431,39-5011,Barbers,detail,"1,400",34.2%,0.161,1.50,$17.35,$19.79,"$41,160",13.3%
432,39-5012,"Hairdressers, Hairstylists, and Cosmetologists",detail,"16,570",5.2%,1.907,0.88,$14.49,$17.40,"$36,190",2.7%
433,39-5091,"Makeup Artists, Theatrical and Performance",detail,500,27.1%,0.057,2.86,$59.38,$59.12,"$122,970",2.6%
434,39-5092,Manicurists and Pedicurists,detail,"11,890",9.9%,1.368,2.61,$13.61,$13.87,"$28,860",1.3%
435,39-5093,Shampooers,detail,370,39.4%,0.042,0.70,$12.35,$12.81,"$26,640",3.0%
436,39-5094,Skincare Specialists,detail,"5,360",20.8%,0.616,1.84,$17.89,$19.62,"$40,810",4.4%
437,39-6011,Baggage Porters and Bellhops,detail,"2,410",9.7%,0.278,1.36,$17.23,$18.33,"$38,120",3.4%
438,39-6012,Concierges,detail,"4,710",22.2%,0.542,2.05,$23.30,$23.61,"$49,110",3.3%
439,39-7010,Tour and Travel Guides,broad,"1,870",13.4%,0.216,0.79,$17.21,$18.73,"$38,950",3.3%
440,39-9011,Childcare Workers,detail,"49,160",5.5%,5.657,1.59,$14.40,$15.14,"$31,500",1.2%
441,39-9031,Exercise Trainers and Group Fitness Instructors,detail,"16,310",6.9%,1.876,1.05,$20.28,$25.82,"$53,710",4.1%
442,39-9032,Recreation Workers,detail,"25,610",7.5%,2.947,1.26,$15.69,$17.29,"$35,950",1.2%
443,39-9041,Residential Advisors,detail,"8,350",5.5%,0.961,1.30,$18.20,$18.90,"$39,300",1.3%
444,39-9098,"Crematory Operators and Personal Care and Service Workers, All Other",detail,"1,500",11.6%,0.172,0.39,$15.51,$18.49,"$38,450",3.3%
445,41-0000,Sales and Related Occupations,major,"772,460",1.1%,88.876,0.94,$17.95,$29.41,"$61,180",1.5%
446,41-1011,First-Line Supervisors of Retail Sales Workers,detail,"51,260",2.4%,5.898,0.77,$23.21,$26.16,"$54,410",1.4%
447,41-1012,First-Line Supervisors of Non-Retail Sales Workers,detail,"18,150",2.8%,2.088,1.21,$49.08,$54.97,"$114,340",1.4%
448,41-2011,Cashiers,detail,"177,010",3.3%,20.366,0.85,$13.06,$14.19,"$29,510",1.4%
449,41-2012,Gambling Change Persons and Booth Cashiers,detail,340,6.5%,0.039,0.39,(8),(8),(8),(8)
450,41-2021,Counter and Rental Clerks,detail,"15,930",7.0%,1.833,0.69,$15.47,$17.27,"$35,920",1.9%
451,41-2022,Parts Salespersons,detail,"10,860",8.4%,1.249,0.68,$18.01,$19.89,"$41,370",2.4%
452,41-2031,Retail Salespersons,detail,"219,620",2.2%,25.268,0.96,$14.62,$16.94,"$35,230",1.1%
453,41-3011,Advertising Sales Agents,detail,"18,600",6.0%,2.140,2.71,$36.28,$43.18,"$89,820",2.9%
454,41-3021,Insurance Sales Agents,detail,"22,630",5.7%,2.604,0.88,$32.12,$44.82,"$93,220",3.8%
455,41-3031,"Securities, Commodities, and Financial Services Sales Agents",detail,"65,630",4.2%,7.552,2.39,$66.11,$77.13,"$160,430",2.9%
456,41-3041,Travel Agents,detail,"4,070",8.3%,0.468,1.18,$19.53,$21.93,"$45,610",4.4%
457,41-3091,"Sales Representatives of Services, Except Advertising, Insurance, Financial Services, and Travel",detail,"61,290",3.2%,7.052,1.00,$33.72,$40.10,"$83,400",2.0%
458,41-4011,"Sales Representatives, Wholesale and Manufacturing, Technical and Scientific Products",detail,"14,570",8.2%,1.676,0.81,$47.45,$54.05,"$112,430",7.3%
459,41-4012,"Sales Representatives, Wholesale and Manufacturing, Except Technical and Scientific Products",detail,"71,000",3.6%,8.169,0.89,$31.12,$37.66,"$78,320",2.3%
460,41-9011,Demonstrators and Product Promoters,detail,"5,180",17.5%,0.596,1.18,$18.45,$20.65,"$42,960",5.6%
461,41-9012,Models,detail,230,48.5%,0.027,1.58,(8),(8),(8),(8)
462,41-9021,Real Estate Brokers,detail,"2,020",25.8%,0.232,0.72,$52.24,$53.42,"$111,120",19.8%
463,41-9022,Real Estate Sales Agents,detail,"5,840",14.1%,0.672,0.55,$41.21,$49.13,"$102,200",7.5%
464,41-9031,Sales Engineers,detail,"2,630",9.3%,0.303,0.66,$55.50,$56.99,"$118,530",3.7%
465,41-9041,Telemarketers,detail,"2,530",15.6%,0.291,0.34,$15.57,$17.13,"$35,620",2.9%
466,41-9091,"Door-to-Door Sales Workers, News and Street Vendors, and Related Workers",detail,710,34.0%,0.082,1.36,$22.34,$24.03,"$49,990",8.1%
467,41-9099,"Sales and Related Workers, All Other",detail,"2,360",13.0%,0.271,0.25,$14.89,$17.88,"$37,190",2.1%
468,43-0000,Office and Administrative Support Occupations,major,"1,232,690",0.6%,141.828,1.06,$21.21,$23.44,"$48,760",0.4%
469,43-1011,First-Line Supervisors of Office and Administrative Support Workers,detail,"99,770",1.2%,11.479,1.12,$33.64,$35.85,"$74,570",0.5%
470,43-2011,"Switchboard Operators, Including Answering Service",detail,"2,240",11.1%,0.258,0.61,$18.29,$19.64,"$40,850",1.6%
471,43-2021,Telephone Operators,detail,700,4.6%,0.080,2.41,$22.64,$22.37,"$46,540",1.5%
472,43-2099,"Communications Equipment Operators, All Other",detail,50,15.7%,0.006,0.26,$22.34,$23.15,"$48,160",7.2%
473,43-3011,Bill and Account Collectors,detail,"13,430",9.0%,1.546,0.97,$19.38,$20.89,"$43,460",1.6%
474,43-3021,Billing and Posting Clerks,detail,"31,640",4.4%,3.640,1.14,$21.30,$22.25,"$46,270",0.9%
475,43-3031,"Bookkeeping, Accounting, and Auditing Clerks",detail,"92,810",2.3%,10.679,1.03,$22.76,$23.57,"$49,030",0.6%
476,43-3041,Gambling Cage Workers,detail,370,24.5%,0.043,0.56,$15.64,$16.18,"$33,650",3.1%
477,43-3051,Payroll and Timekeeping Clerks,detail,"7,700",4.8%,0.886,0.92,$24.58,$25.20,"$52,410",0.8%
478,43-3061,Procurement Clerks,detail,"3,130",5.9%,0.360,0.82,$21.94,$22.12,"$46,000",1.1%
479,43-3071,Tellers,detail,"22,850",3.8%,2.629,0.86,$16.83,$16.79,"$34,920",1.0%
480,43-3099,"Financial Clerks, All Other",detail,"1,650",10.2%,0.190,0.87,$22.47,$26.05,"$54,180",3.0%
481,43-4011,Brokerage Clerks,detail,"4,530",10.6%,0.521,1.62,$33.40,$36.40,"$75,710",2.2%
482,43-4021,Correspondence Clerks,detail,220,10.4%,0.025,0.57,$18.95,$20.25,"$42,120",3.1%
483,43-4031,"Court, Municipal, and License Clerks",detail,"7,720",1.0%,0.888,0.79,$24.57,$28.79,"$59,880",3.0%
484,43-4041,"Credit Authorizers, Checkers, and Clerks",detail,"1,560",11.2%,0.179,1.01,$24.49,$24.85,"$51,690",2.4%
485,43-4051,Customer Service Representatives,detail,"148,080",1.9%,17.037,0.84,$19.47,$21.28,"$44,260",0.7%
486,43-4061,"Eligibility Interviewers, Government Programs",detail,"11,360",1.1%,1.307,1.31,$24.80,$25.34,"$52,700",1.4%
487,43-4071,File Clerks,detail,"4,420",5.4%,0.508,0.77,$17.47,$18.35,"$38,180",1.5%
488,43-4081,"Hotel, Motel, and Resort Desk Clerks",detail,"8,810",5.6%,1.014,0.63,$15.15,$17.15,"$35,670",2.9%
489,43-4111,"Interviewers, Except Eligibility and Loan",detail,"14,270",4.9%,1.642,1.31,$21.51,$21.22,"$44,140",0.9%
490,43-4121,"Library Assistants, Clerical",detail,"6,220",4.8%,0.715,1.18,$15.87,$17.02,"$35,410",1.2%
491,43-4131,Loan Interviewers and Clerks,detail,"6,780",9.4%,0.780,0.53,$21.77,$22.57,"$46,950",2.5%
492,43-4141,New Accounts Clerks,detail,"2,670",10.9%,0.308,0.95,$19.44,$19.98,"$41,550",2.8%
493,43-4151,Order Clerks,detail,"4,940",13.6%,0.568,0.66,$16.59,$18.22,"$37,900",2.5%
494,43-4161,"Human Resources Assistants, Except Payroll and Timekeeping",detail,"8,340",6.9%,0.959,1.23,$23.03,$23.20,"$48,260",0.9%
495,43-4171,Receptionists and Information Clerks,detail,"84,680",2.3%,9.743,1.40,$17.26,$18.02,"$37,480",0.7%
496,43-4181,Reservation and Transportation Ticket Agents and Travel Clerks,detail,"6,320",16.1%,0.727,0.92,$18.35,$20.61,"$42,860",2.9%
497,43-4199,"Information and Record Clerks, All Other",detail,"4,290",3.8%,0.493,0.46,$22.54,$23.17,"$48,190",1.1%
498,43-5011,Cargo and Freight Agents,detail,"6,400",7.9%,0.736,1.06,$23.79,$26.35,"$54,810",5.4%
499,43-5021,Couriers and Messengers,detail,"7,960",7.4%,0.916,1.80,$16.51,$17.66,"$36,730",2.9%
500,43-5031,Public Safety Telecommunicators,detail,"5,300",3.4%,0.610,0.91,$23.61,$24.48,"$50,910",1.4%
501,43-5032,"Dispatchers, Except Police, Fire, and Ambulance",detail,"11,490",7.0%,1.322,0.98,$20.98,$25.21,"$52,430",4.7%
502,43-5041,"Meter Readers, Utilities",detail,960,8.8%,0.111,0.58,$28.30,$30.33,"$63,090",2.7%
503,43-5051,Postal Service Clerks,detail,"6,340",0.0%,0.730,1.17,$24.11,$24.88,"$51,750",0.8%
504,43-5052,Postal Service Mail Carriers,detail,"21,800",0.0%,2.508,1.05,$24.91,$25.57,"$53,180",0.9%
505,43-5053,"Postal Service Mail Sorters, Processors, and Processing Machine Operators",detail,"9,010",0.0%,1.036,1.37,$29.53,$24.82,"$51,630",1.4%
506,43-5061,"Production, Planning, and Expediting Clerks",detail,"45,390",2.2%,5.223,2.01,$24.72,$25.82,"$53,700",0.6%
507,43-5071,"Shipping, Receiving, and Inventory Clerks",detail,"27,880",3.8%,3.207,0.61,$18.31,$19.52,"$40,590",0.8%
508,43-5111,"Weighers, Measurers, Checkers, and Samplers, Recordkeeping",detail,"2,160",10.5%,0.248,0.60,$18.88,$19.60,"$40,760",1.4%
509,43-6011,Executive Secretaries and Executive Administrative Assistants,detail,"86,290",1.8%,9.928,2.74,$35.91,$36.73,"$76,410",0.5%
510,43-6012,Legal Secretaries and Administrative Assistants,detail,"11,460",7.7%,1.318,1.14,$27.67,$29.34,"$61,020",2.6%
511,43-6013,Medical Secretaries and Administrative Assistants,detail,"9,320",5.2%,1.072,0.25,$19.56,$20.28,"$42,170",1.3%
512,43-6014,"Secretaries and Administrative Assistants, Except Legal, Medical, and Executive",detail,"152,130",2.0%,17.503,1.32,$20.64,$21.00,"$43,690",0.6%
513,43-9021,Data Entry Keyers,detail,"9,170",8.6%,1.055,0.97,$18.17,$19.40,"$40,340",1.9%
514,43-9022,Word Processors and Typists,detail,"12,380",4.9%,1.424,4.62,$19.95,$20.88,"$43,430",1.1%
515,43-9031,Desktop Publishers,detail,340,22.4%,0.039,0.77,$25.21,$26.24,"$54,580",3.3%
516,43-9041,Insurance Claims and Policy Processing Clerks,detail,"8,190",7.5%,0.942,0.54,$23.70,$25.44,"$52,910",3.7%
517,43-9051,"Mail Clerks and Mail Machine Operators, Except Postal Service",detail,"8,400",8.9%,0.967,1.70,$16.47,$17.84,"$37,100",1.3%
518,43-9061,"Office Clerks, General",detail,"167,640",1.9%,19.287,0.96,$17.44,$18.74,"$38,980",0.7%
519,43-9071,"Office Machine Operators, Except Computer",detail,"4,250",11.5%,0.489,1.67,$17.78,$19.16,"$39,850",2.0%
520,43-9081,Proofreaders and Copy Markers,detail,"1,150",14.4%,0.132,2.79,$25.38,$25.87,"$53,810",3.9%
521,43-9111,Statistical Assistants,detail,350,10.8%,0.041,0.61,$25.15,$27.06,"$56,290",2.5%
522,43-9199,"Office and Administrative Support Workers, All Other",detail,"15,390",1.4%,1.771,1.40,(8),(8),(8),(8)
523,45-0000,"Farming, Fishing, and Forestry Occupations",major,"3,490",9.7%,0.402,0.12,$16.16,$19.21,"$39,950",1.8%
524,45-1011,"First-Line Supervisors of Farming, Fishing, and Forestry Workers",detail,240,18.5%,0.027,0.17,$33.40,$31.98,"$66,530",3.5%
525,45-2011,Agricultural Inspectors,detail,310,0.0%,0.036,0.37,$31.19,$30.93,"$64,330",0.8%
526,45-2021,Animal Breeders,detail,60,1.4%,0.007,1.11,$20.87,$22.01,"$45,780",2.3%
527,45-2041,"Graders and Sorters, Agricultural Products",detail,140,17.2%,0.016,0.08,$14.62,$15.68,"$32,610",4.4%
528,45-2091,Agricultural Equipment Operators,detail,80,16.5%,0.009,0.04,$21.14,$20.57,"$42,790",4.8%
529,45-2092,"Farmworkers and Laborers, Crop, Nursery, and Greenhouse",detail,"1,430",12.8%,0.165,0.08,$14.45,$15.73,"$32,710",2.4%
530,45-2093,"Farmworkers, Farm, Ranch, and Aquacultural Animals",detail,580,33.4%,0.066,0.25,$15.39,$17.25,"$35,870",4.1%
531,45-4011,Forest and Conservation Workers,detail,60,20.8%,0.007,0.16,$19.44,$20.20,"$42,010",7.0%
532,45-4021,Fallers,detail,(8),(8),(8),(8),$12.41,$14.35,"$29,850",9.6%
533,45-4022,Logging Equipment Operators,detail,450,13.0%,0.052,0.28,$18.20,$18.81,"$39,120",5.0%
534,45-4023,Log Graders and Scalers,detail,60,18.0%,0.006,0.26,$18.20,$19.66,"$40,890",6.1%
535,47-0000,Construction and Extraction Occupations,major,"311,430",1.0%,35.832,0.84,$28.47,$32.49,"$67,580",0.9%
536,47-1011,First-Line Supervisors of Construction Trades and Extraction Workers,detail,"22,430",3.2%,2.581,0.58,$43.63,$44.31,"$92,160",1.0%
537,47-2011,Boilermakers,detail,610,30.4%,0.070,0.69,$44.30,$43.79,"$91,090",6.6%
538,47-2021,Brickmasons and Blockmasons,detail,"4,390",13.1%,0.505,1.17,$33.61,$35.03,"$72,860",3.3%
539,47-2022,Stonemasons,detail,860,49.3%,0.099,1.17,$19.55,$24.15,"$50,220",13.6%
540,47-2031,Carpenters,detail,"44,620",3.7%,5.134,1.02,$28.03,$32.27,"$67,120",1.9%
541,47-2041,Carpet Installers,detail,680,23.7%,0.078,0.47,$19.38,$28.64,"$59,570",14.6%
542,47-2042,"Floor Layers, Except Carpet, Wood, and Hard Tiles",detail,660,31.0%,0.076,0.63,$23.52,$26.73,"$55,590",6.9%
543,47-2043,Floor Sanders and Finishers,detail,(8),(8),(8),(8),$14.47,$15.47,"$32,170",10.2%
544,47-2044,Tile and Stone Setters,detail,"3,830",16.7%,0.440,1.61,$24.26,$28.77,"$59,850",7.0%
545,47-2051,Cement Masons and Concrete Finishers,detail,"5,100",11.4%,0.587,0.42,$29.69,$32.16,"$66,900",3.0%
546,47-2053,Terrazzo Workers and Finishers,detail,(8),(8),(8),(8),$43.57,$41.56,"$86,440",6.6%
547,47-2061,Construction Laborers,detail,"58,380",3.0%,6.717,0.96,$23.56,$27.64,"$57,480",1.7%
548,47-2071,"Paving, Surfacing, and Tamping Equipment Operators",detail,"1,320",8.7%,0.152,0.47,$31.49,$33.44,"$69,560",5.1%
549,47-2072,Pile Driver Operators,detail,(8),(8),(8),(8),$56.22,$52.60,"$109,420",4.3%
550,47-2073,Operating Engineers and Other Construction Equipment Operators,detail,"12,960",3.4%,1.491,0.51,$34.65,$41.20,"$85,700",1.9%
551,47-2081,Drywall and Ceiling Tile Installers,detail,"5,180",20.9%,0.596,0.83,$19.85,$24.93,"$51,860",6.3%
552,47-2082,Tapers,detail,420,15.9%,0.048,0.41,$36.53,$36.29,"$75,490",4.6%
553,47-2111,Electricians,detail,"36,310",4.3%,4.177,0.89,$34.16,$39.11,"$81,340",2.9%
554,47-2121,Glaziers,detail,"2,440",16.7%,0.281,0.75,$29.70,$33.14,"$68,930",5.2%
555,47-2131,"Insulation Workers, Floor, Ceiling, and Wall",detail,510,25.7%,0.058,0.25,$20.92,$23.24,"$48,340",8.6%
556,47-2132,"Insulation Workers, Mechanical",detail,540,13.5%,0.062,0.31,$33.63,$39.71,"$82,600",8.5%
557,47-2141,"Painters, Construction and Maintenance",detail,"12,900",8.3%,1.484,0.95,$24.64,$27.22,"$56,620",3.5%
558,47-2142,Paperhangers,detail,420,35.0%,0.048,2.36,$23.63,$29.03,"$60,380",10.9%
559,47-2151,Pipelayers,detail,340,15.1%,0.039,0.16,$25.61,$26.35,"$54,820",4.6%
560,47-2152,"Plumbers, Pipefitters, and Steamfitters",detail,"26,310",3.8%,3.027,1.01,$31.39,$34.50,"$71,770",2.7%
561,47-2161,Plasterers and Stucco Masons,detail,"1,550",25.8%,0.179,0.99,(8),(8),(8),(8)
562,47-2171,Reinforcing Iron and Rebar Workers,detail,910,26.8%,0.105,0.78,$35.67,$34.24,"$71,230",10.2%
563,47-2181,Roofers,detail,"4,850",9.4%,0.558,0.60,$27.62,$31.92,"$66,400",4.6%
564,47-2211,Sheet Metal Workers,detail,"6,230",12.8%,0.717,0.78,$26.30,$32.27,"$67,110",8.9%
565,47-2221,Structural Iron and Steel Workers,detail,"3,880",11.3%,0.446,0.87,$38.19,$39.33,"$81,810",2.8%
566,47-2231,Solar Photovoltaic Installers,detail,500,38.1%,0.058,0.70,$23.59,$24.48,"$50,920",7.0%
567,47-3011,"Helpers--Brickmasons, Blockmasons, Stonemasons, and Tile and Marble Setters",detail,"1,060",21.9%,0.122,0.80,$23.87,$24.43,"$50,820",10.1%
568,47-3012,Helpers--Carpenters,detail,"1,110",22.7%,0.128,0.57,$18.16,$18.78,"$39,060",2.8%
569,47-3013,Helpers--Electricians,detail,"5,240",9.2%,0.603,1.14,$19.44,$20.79,"$43,250",3.0%
570,47-3014,"Helpers--Painters, Paperhangers, Plasterers, and Stucco Masons",detail,300,48.5%,0.034,0.50,$18.68,$20.49,"$42,610",13.0%
571,47-3015,"Helpers--Pipelayers, Plumbers, Pipefitters, and Steamfitters",detail,"3,080",14.0%,0.355,0.88,$19.45,$20.28,"$42,190",3.5%
572,47-3016,Helpers--Roofers,detail,(8),(8),(8),(8),$14.76,$16.20,"$33,700",7.0%
573,47-3019,"Helpers, Construction Trades, All Other",detail,"1,370",28.6%,0.158,0.79,$18.18,$20.65,"$42,960",5.5%
574,47-4011,Construction and Building Inspectors,detail,"8,590",5.0%,0.988,1.21,$31.72,$33.34,"$69,360",1.7%
575,47-4021,Elevator and Escalator Installers and Repairers,detail,"4,350",6.7%,0.500,2.81,$43.78,$42.11,"$87,590",2.5%
576,47-4031,Fence Erectors,detail,"1,040",32.2%,0.120,0.62,$21.73,$22.87,"$47,560",5.0%
577,47-4041,Hazardous Materials Removal Workers,detail,"4,340",8.0%,0.500,1.58,$30.97,$29.42,"$61,180",3.3%
578,47-4051,Highway Maintenance Workers,detail,"13,930",1.6%,1.602,1.49,$22.06,$22.62,"$47,050",0.5%
579,47-4061,Rail-Track Laying and Maintenance Equipment Operators,detail,"3,210",5.3%,0.370,2.92,$34.38,$32.96,"$68,550",4.7%
580,47-4071,Septic Tank Servicers and Sewer Pipe Cleaners,detail,"1,110",19.3%,0.128,0.59,$21.79,$22.92,"$47,680",4.2%
581,47-4090,Miscellaneous Construction and Related Workers,broad,400,29.7%,0.046,0.20,$26.13,$24.77,"$51,520",6.4%
582,47-5012,"Rotary Drill Operators, Oil and Gas",detail,(8),(8),(8),(8),$22.86,$27.60,"$57,400",17.1%
583,47-5013,"Service Unit Operators, Oil and Gas",detail,40,16.2%,0.005,0.02,$25.63,$30.04,"$62,490",18.5%
584,47-5022,"Excavating and Loading Machine and Dragline Operators, Surface Mining",detail,"1,210",12.8%,0.139,0.48,$24.62,$32.54,"$67,670",7.9%
585,47-5051,"Rock Splitters, Quarry",detail,90,47.3%,0.010,0.30,$16.09,$16.15,"$33,590",5.8%
586,47-5071,"Roustabouts, Oil and Gas",detail,50,43.8%,0.005,0.02,$16.32,$20.87,"$43,420",15.5%
587,47-5081,Helpers--Extraction Workers,detail,110,29.9%,0.013,0.14,$20.52,$21.30,"$44,310",5.3%
588,47-5097,"Earth Drillers, Except Oil and Gas; and Explosives Workers, Ordnance Handling Experts, and Blasters",detail,610,14.5%,0.071,0.44,$27.01,$28.88,"$60,070",3.4%
589,47-5098,"Underground Mining Machine Operators and Extraction Workers, All Other",detail,100,32.3%,0.011,0.12,$21.43,$22.33,"$46,440",4.7%
590,49-0000,"Installation, Maintenance, and Repair Occupations",major,"306,310",1.5%,35.242,0.89,$25.43,$27.48,"$57,150",0.9%
591,49-1011,"First-Line Supervisors of Mechanics, Installers, and Repairers",detail,"26,550",2.7%,3.055,0.89,$37.39,$38.67,"$80,440",1.1%
592,49-2011,"Computer, Automated Teller, and Office Machine Repairers",detail,"6,550",8.5%,0.754,1.14,$22.47,$23.22,"$48,290",1.8%
593,49-2021,"Radio, Cellular, and Tower Equipment Installers and Repairers",detail,450,28.8%,0.052,0.55,$36.52,$34.62,"$72,000",11.0%
594,49-2022,"Telecommunications Equipment Installers and Repairers, Except Line Installers",detail,"9,600",14.9%,1.105,0.81,$36.62,$33.35,"$69,380",7.5%
595,49-2091,Avionics Technicians,detail,(8),(8),(8),(8),$33.01,$36.90,"$76,750",5.0%
596,49-2092,"Electric Motor, Power Tool, and Related Repairers",detail,250,44.7%,0.029,0.26,$20.05,$21.10,"$43,880",6.8%
597,49-2093,"Electrical and Electronics Installers and Repairers, Transportation Equipment",detail,950,11.0%,0.109,1.46,$32.64,$32.43,"$67,460",3.8%
598,49-2094,"Electrical and Electronics Repairers, Commercial and Industrial Equipment",detail,"1,380",12.7%,0.158,0.40,$29.97,$30.06,"$62,520",3.2%
599,49-2095,"Electrical and Electronics Repairers, Powerhouse, Substation, and Relay",detail,"3,070",5.2%,0.353,2.13,$40.50,$41.77,"$86,880",1.8%
600,49-2096,"Electronic Equipment Installers and Repairers, Motor Vehicles",detail,560,24.4%,0.064,0.88,$18.56,$22.42,"$46,640",4.8%
601,49-2097,Audiovisual Equipment Installers and Repairers,detail,"1,410",42.4%,0.162,0.88,$23.53,$22.74,"$47,290",5.3%
602,49-2098,Security and Fire Alarm Systems Installers,detail,"3,340",11.6%,0.385,0.78,$28.02,$28.77,"$59,850",3.2%
603,49-3011,Aircraft Mechanics and Service Technicians,detail,"3,810",24.1%,0.439,0.48,$34.18,$35.72,"$74,290",2.7%
604,49-3021,Automotive Body and Related Repairers,detail,"5,950",5.7%,0.684,0.69,$24.29,$25.49,"$53,010",3.3%
605,49-3022,Automotive Glass Installers and Repairers,detail,"1,400",36.9%,0.161,1.21,$15.32,$17.49,"$36,380",8.7%
606,49-3023,Automotive Service Technicians and Mechanics,detail,"32,150",3.3%,3.700,0.83,$19.79,$22.55,"$46,910",1.8%
607,49-3031,Bus and Truck Mechanics and Diesel Engine Specialists,detail,"11,540",3.6%,1.328,0.73,$27.08,$28.45,"$59,170",2.7%
608,49-3041,Farm Equipment Mechanics and Service Technicians,detail,680,26.2%,0.078,0.30,$23.77,$24.82,"$51,620",7.0%
609,49-3042,"Mobile Heavy Equipment Mechanics, Except Engines",detail,"2,900",7.5%,0.334,0.31,$28.13,$33.07,"$68,780",8.3%
610,49-3043,Rail Car Repairers,detail,"1,520",12.6%,0.175,1.09,$36.00,$35.90,"$74,670",6.8%
611,49-3051,Motorboat Mechanics and Service Technicians,detail,"1,140",27.4%,0.131,0.89,$16.98,$19.29,"$40,120",7.4%
612,49-3052,Motorcycle Mechanics,detail,330,32.3%,0.038,0.39,$21.75,$21.64,"$45,010",6.6%
613,49-3053,Outdoor Power Equipment and Other Small Engine Mechanics,detail,"1,270",24.2%,0.146,0.65,$19.91,$20.49,"$42,620",3.4%
614,49-3091,Bicycle Repairers,detail,460,36.7%,0.053,0.65,$16.96,$17.76,"$36,930",6.4%
615,49-3092,Recreational Vehicle Service Technicians,detail,440,18.2%,0.050,0.46,$18.51,$19.34,"$40,220",3.3%
616,49-3093,Tire Repairers and Changers,detail,"1,320",23.7%,0.151,0.21,$15.28,$16.55,"$34,430",2.7%
617,49-9011,Mechanical Door Repairers,detail,710,32.3%,0.081,0.50,$20.89,$21.99,"$45,750",3.0%
618,49-9012,"Control and Valve Installers and Repairers, Except Mechanical Door",detail,"4,950",11.4%,0.570,1.56,$37.86,$37.64,"$78,300",2.4%
619,49-9021,"Heating, Air Conditioning, and Refrigeration Mechanics and Installers",detail,"16,730",6.1%,1.925,0.78,$28.48,$30.33,"$63,080",2.3%
620,49-9031,Home Appliance Repairers,detail,"1,250",26.3%,0.144,0.72,$20.10,$20.85,"$43,370",9.8%
621,49-9041,Industrial Machinery Mechanics,detail,"10,730",3.9%,1.235,0.44,$27.94,$29.32,"$60,980",1.3%
622,49-9043,"Maintenance Workers, Machinery",detail,"3,040",6.5%,0.349,0.74,$24.06,$26.90,"$55,940",2.9%
623,49-9044,Millwrights,detail,"1,160",15.2%,0.133,0.42,$29.60,$32.96,"$68,550",5.7%
624,49-9045,"Refractory Materials Repairers, Except Brickmasons",detail,30,10.0%,0.003,0.63,$35.34,$33.86,"$70,430",5.1%
625,49-9051,Electrical Power-Line Installers and Repairers,detail,"4,770",10.3%,0.549,0.66,$40.86,$41.11,"$85,510",3.1%
626,49-9052,Telecommunications Line Installers and Repairers,detail,"10,890",14.6%,1.253,1.42,$39.80,$35.36,"$73,540",3.7%
627,49-9061,Camera and Photographic Equipment Repairers,detail,170,35.9%,0.020,0.82,$22.82,$23.45,"$48,770",7.6%
628,49-9062,Medical Equipment Repairers,detail,"2,130",9.0%,0.245,0.70,$29.66,$30.66,"$63,780",4.0%
629,49-9063,Musical Instrument Repairers and Tuners,detail,380,28.7%,0.044,0.86,$18.73,$21.17,"$44,030",7.8%
630,49-9064,Watch and Clock Repairers,detail,410,44.3%,0.047,2.69,$24.09,$27.81,"$57,850",12.1%
631,49-9069,"Precision Instrument and Equipment Repairers, All Other",detail,(8),(8),(8),(8),$30.51,$30.92,"$64,310",3.1%
632,49-9071,"Maintenance and Repair Workers, General",detail,"116,330",2.3%,13.385,1.37,$22.53,$23.55,"$48,990",1.0%
633,49-9081,Wind Turbine Service Technicians,detail,120,36.5%,0.014,0.34,$23.75,$24.95,"$51,890",3.3%
634,49-9091,"Coin, Vending, and Amusement Machine Servicers and Repairers",detail,"1,540",13.9%,0.177,0.98,$24.02,$25.53,"$53,100",10.3%
635,49-9092,Commercial Divers,detail,170,42.7%,0.020,0.81,$27.39,$36.15,"$75,190",15.8%
636,49-9094,Locksmiths and Safe Repairers,detail,690,12.7%,0.079,0.68,$25.02,$24.87,"$51,720",3.2%
637,49-9095,Manufactured Building and Mobile Home Installers,detail,140,28.8%,0.016,0.77,$17.15,$17.68,"$36,780",6.4%
638,49-9096,Riggers,detail,750,24.1%,0.086,0.55,$32.88,$37.94,"$78,910",5.5%
639,49-9097,Signal and Track Switch Repairers,detail,"1,450",13.8%,0.167,3.21,$39.40,$44.53,"$92,630",7.0%
640,49-9098,"Helpers--Installation, Maintenance, and Repair Workers",detail,"4,490",11.4%,0.517,0.79,$17.27,$18.93,"$39,360",3.1%
641,49-9099,"Installation, Maintenance, and Repair Workers, All Other",detail,"3,930",10.7%,0.453,0.42,$21.22,$23.26,"$48,390",2.4%
642,51-0000,Production Occupations,major,"295,540",1.6%,34.003,0.56,$18.32,$21.18,"$44,050",0.5%
643,51-1011,First-Line Supervisors of Production and Operating Workers,detail,"22,230",1.9%,2.558,0.59,$32.47,$34.12,"$70,970",0.9%
644,51-2011,"Aircraft Structure, Surfaces, Rigging, and Systems Assemblers",detail,180,9.5%,0.021,0.08,$23.47,$23.95,"$49,820",5.7%
645,51-2021,"Coil Winders, Tapers, and Finishers",detail,330,16.9%,0.038,0.42,$15.47,$16.75,"$34,840",3.2%
646,51-2028,"Electrical, Electronic, and Electromechanical Assemblers, Except Coil Winders, Tapers, and Finishers",detail,"12,390",4.7%,1.426,0.70,$16.62,$18.08,"$37,610",1.2%
647,51-2031,Engine and Other Machine Assemblers,detail,"1,390",10.5%,0.160,0.54,$19.57,$20.88,"$43,430",5.4%
648,51-2041,Structural Metal Fabricators and Fitters,detail,"2,130",12.1%,0.245,0.49,$23.91,$25.69,"$53,440",3.2%
649,51-2051,Fiberglass Laminators and Fabricators,detail,210,42.9%,0.024,0.18,$16.96,$17.54,"$36,490",3.4%
650,51-2090,Miscellaneous Assemblers and Fabricators,broad,"34,580",3.8%,3.979,0.44,$15.65,$17.34,"$36,060",0.9%
651,51-3011,Bakers,detail,"10,310",5.3%,1.187,0.98,$15.38,$16.48,"$34,270",1.6%
652,51-3021,Butchers and Meat Cutters,detail,"10,650",27.8%,1.225,1.20,$14.02,$16.76,"$34,850",4.5%
653,51-3022,"Meat, Poultry, and Fish Cutters and Trimmers",detail,"1,080",22.0%,0.124,0.12,$14.25,$15.37,"$31,970",3.6%
654,51-3023,Slaughterers and Meat Packers,detail,680,22.7%,0.078,0.14,$16.40,$16.88,"$35,120",3.6%
655,51-3091,"Food and Tobacco Roasting, Baking, and Drying Machine Operators and Tenders",detail,700,12.4%,0.081,0.59,$14.16,$15.53,"$32,300",2.5%
656,51-3092,Food Batchmakers,detail,"7,580",11.0%,0.872,0.79,$14.62,$15.89,"$33,060",1.6%
657,51-3093,Food Cooking Machine Operators and Tenders,detail,910,11.5%,0.104,0.55,$17.28,$17.50,"$36,410",1.8%
658,51-3099,"Food Processing Workers, All Other",detail,500,21.3%,0.057,0.19,$13.81,$14.20,"$29,550",2.4%
659,51-4021,"Extruding and Drawing Machine Setters, Operators, and Tenders, Metal and Plastic",detail,"1,130",13.5%,0.130,0.26,$17.69,$18.37,"$38,200",1.8%
660,51-4022,"Forging Machine Setters, Operators, and Tenders, Metal and Plastic",detail,210,10.9%,0.024,0.25,$25.40,$24.06,"$50,050",5.6%
661,51-4023,"Rolling Machine Setters, Operators, and Tenders, Metal and Plastic",detail,340,29.5%,0.040,0.16,$21.79,$22.00,"$45,760",2.6%
662,51-4031,"Cutting, Punching, and Press Machine Setters, Operators, and Tenders, Metal and Plastic",detail,"3,860",6.2%,0.444,0.34,$18.62,$20.08,"$41,760",3.0%
663,51-4032,"Drilling and Boring Machine Tool Setters, Operators, and Tenders, Metal and Plastic",detail,90,19.4%,0.010,0.15,$18.09,$19.07,"$39,660",5.2%
664,51-4033,"Grinding, Lapping, Polishing, and Buffing Machine Tool Setters, Operators, and Tenders, Metal and Plastic",detail,"1,630",8.8%,0.187,0.37,$18.10,$18.93,"$39,380",1.3%
665,51-4034,"Lathe and Turning Machine Tool Setters, Operators, and Tenders, Metal and Plastic",detail,880,11.2%,0.101,0.59,$17.93,$20.55,"$42,740",7.5%
666,51-4035,"Milling and Planing Machine Setters, Operators, and Tenders, Metal and Plastic",detail,310,25.9%,0.036,0.32,$19.41,$20.31,"$42,240",3.4%
667,51-4041,Machinists,detail,"12,750",3.7%,1.467,0.57,$22.53,$23.30,"$48,460",1.0%
668,51-4051,Metal-Refining Furnace Operators and Tenders,detail,570,25.3%,0.066,0.60,$22.82,$23.02,"$47,880",3.4%
669,51-4052,"Pourers and Casters, Metal",detail,90,22.8%,0.010,0.19,$21.20,$20.13,"$41,860",3.5%
670,51-4061,"Model Makers, Metal and Plastic",detail,100,25.1%,0.012,0.48,$26.22,$26.09,"$54,270",6.7%
671,51-4071,Foundry Mold and Coremakers,detail,120,9.1%,0.014,0.12,$18.88,$20.39,"$42,420",4.9%
672,51-4072,"Molding, Coremaking, and Casting Machine Setters, Operators, and Tenders, Metal and Plastic",detail,"3,630",8.3%,0.417,0.37,$15.04,$16.67,"$34,660",1.4%
673,51-4081,"Multiple Machine Tool Setters, Operators, and Tenders, Metal and Plastic",detail,"4,510",9.0%,0.518,0.54,$18.25,$19.07,"$39,660",2.2%
674,51-4111,Tool and Die Makers,detail,"1,800",7.5%,0.207,0.47,$27.67,$27.46,"$57,130",1.5%
675,51-4121,"Welders, Cutters, Solderers, and Brazers",detail,"9,460",6.7%,1.089,0.38,$21.33,$23.97,"$49,850",2.4%
676,51-4122,"Welding, Soldering, and Brazing Machine Setters, Operators, and Tenders",detail,460,9.5%,0.053,0.22,$18.89,$22.46,"$46,720",3.4%
677,51-4191,"Heat Treating Equipment Setters, Operators, and Tenders, Metal and Plastic",detail,270,11.6%,0.031,0.26,$20.24,$20.53,"$42,700",2.9%
678,51-4192,"Layout Workers, Metal and Plastic",detail,50,21.0%,0.006,0.11,$24.21,$28.83,"$59,970",12.0%
679,51-4193,"Plating Machine Setters, Operators, and Tenders, Metal and Plastic",detail,950,40.2%,0.110,0.40,$17.35,$18.92,"$39,350",3.4%
680,51-4194,"Tool Grinders, Filers, and Sharpeners",detail,200,23.2%,0.023,0.52,$19.02,$19.63,"$40,830",4.6%
681,51-4199,"Metal Workers and Plastic Workers, All Other",detail,240,9.4%,0.028,0.18,$19.30,$21.53,"$44,780",4.6%
682,51-5111,Prepress Technicians and Workers,detail,"1,290",14.0%,0.149,0.74,$22.10,$22.91,"$47,640",3.6%
683,51-5112,Printing Press Operators,detail,"8,020",5.4%,0.922,0.80,$19.39,$20.68,"$43,010",1.9%
684,51-5113,Print Binding and Finishing Workers,detail,"1,350",17.0%,0.155,0.51,$15.33,$17.32,"$36,020",3.6%
685,51-6011,Laundry and Dry-Cleaning Workers,detail,"12,550",6.1%,1.444,1.12,$13.74,$14.98,"$31,160",1.5%
686,51-6021,"Pressers, Textile, Garment, and Related Materials",detail,"1,140",26.4%,0.132,0.57,$14.05,$15.06,"$31,320",4.4%
687,51-6031,Sewing Machine Operators,detail,"6,860",10.1%,0.789,0.94,$15.18,$16.07,"$33,430",1.7%
688,51-6041,Shoe and Leather Workers and Repairers,detail,640,34.7%,0.073,1.38,$12.61,$13.62,"$28,330",3.1%
689,51-6042,Shoe Machine Operators and Tenders,detail,40,4.9%,0.004,0.15,$15.80,$15.13,"$31,460",8.9%
690,51-6051,"Sewers, Hand",detail,(8),(8),(8),(8),$16.52,$16.47,"$34,260",4.0%
691,51-6052,"Tailors, Dressmakers, and Custom Sewers",detail,"1,170",16.8%,0.134,0.89,$18.81,$20.61,"$42,870",3.6%
692,51-6061,Textile Bleaching and Dyeing Machine Operators and Tenders,detail,(8),(8),(8),(8),$13.56,$14.49,"$30,130",2.5%
693,51-6062,"Textile Cutting Machine Setters, Operators, and Tenders",detail,390,20.5%,0.045,0.49,$16.27,$16.41,"$34,130",3.0%
694,51-6063,"Textile Knitting and Weaving Machine Setters, Operators, and Tenders",detail,690,33.2%,0.079,0.58,$14.23,$15.19,"$31,590",3.7%
695,51-6064,"Textile Winding, Twisting, and Drawing Out Machine Setters, Operators, and Tenders",detail,190,26.4%,0.022,0.12,$14.23,$14.73,"$30,650",3.0%
696,51-6092,Fabric and Apparel Patternmakers,detail,"1,000",15.0%,0.115,3.43,$36.83,$39.07,"$81,270",5.7%
697,51-6093,Upholsterers,detail,640,15.8%,0.073,0.39,$15.29,$18.25,"$37,970",5.8%
698,51-6099,"Textile, Apparel, and Furnishings Workers, All Other",detail,220,17.7%,0.025,0.21,$14.36,$18.36,"$38,190",6.2%
699,51-7011,Cabinetmakers and Bench Carpenters,detail,"3,600",7.9%,0.414,0.62,$22.37,$23.97,"$49,850",4.6%
700,51-7021,Furniture Finishers,detail,630,17.7%,0.072,0.65,$18.00,$19.41,"$40,360",3.1%
701,51-7041,"Sawing Machine Setters, Operators, and Tenders, Wood",detail,"1,130",17.4%,0.130,0.37,$15.41,$16.64,"$34,620",2.2%
702,51-7042,"Woodworking Machine Setters, Operators, and Tenders, Except Sawing",detail,"1,620",16.3%,0.186,0.35,$16.66,$18.14,"$37,730",4.0%
703,51-7099,"Woodworkers, All Other",detail,(8),(8),(8),(8),$12.34,$16.22,"$33,740",14.1%
704,51-8011,Nuclear Power Reactor Operators,detail,410,24.1%,0.047,1.23,$55.78,$55.01,"$114,420",3.6%
705,51-8012,Power Distributors and Dispatchers,detail,230,17.0%,0.027,0.38,$52.16,$49.43,"$102,820",4.9%
706,51-8013,Power Plant Operators,detail,"1,980",5.1%,0.227,0.96,$44.15,$43.13,"$89,700",2.3%
707,51-8021,Stationary Engineers and Boiler Operators,detail,"4,120",2.0%,0.474,2.23,$36.75,$39.88,"$82,940",2.0%
708,51-8031,Water and Wastewater Treatment Plant and System Operators,detail,"5,310",5.9%,0.611,0.71,$29.05,$30.87,"$64,220",3.0%
709,51-8091,Chemical Plant and System Operators,detail,440,35.7%,0.050,0.23,$35.08,$33.90,"$70,510",4.5%
710,51-8092,Gas Plant Operators,detail,340,17.6%,0.039,0.36,$46.00,$44.67,"$92,910",3.3%
711,51-8093,"Petroleum Pump System Operators, Refinery Operators, and Gaugers",detail,230,32.0%,0.027,0.09,$25.30,$27.36,"$56,910",6.2%
712,51-8099,"Plant and System Operators, All Other",detail,160,19.6%,0.018,0.17,$31.58,$30.42,"$63,270",2.9%
713,51-9011,Chemical Equipment Operators and Tenders,detail,"3,620",12.5%,0.417,0.62,$23.15,$23.92,"$49,760",2.8%
714,51-9012,"Separating, Filtering, Clarifying, Precipitating, and Still Machine Setters, Operators, and Tenders",detail,"1,880",7.9%,0.217,0.63,$20.00,$21.75,"$45,230",3.0%
715,51-9021,"Crushing, Grinding, and Polishing Machine Setters, Operators, and Tenders",detail,"1,440",18.1%,0.166,0.71,$19.22,$19.40,"$40,340",2.3%
716,51-9022,"Grinding and Polishing Workers, Hand",detail,"1,070",14.2%,0.123,0.71,$17.69,$20.65,"$42,950",4.6%
717,51-9023,"Mixing and Blending Machine Setters, Operators, and Tenders",detail,"4,410",6.7%,0.508,0.61,$18.52,$19.46,"$40,470",2.3%
718,51-9031,"Cutters and Trimmers, Hand",detail,350,21.1%,0.041,0.71,$20.81,$21.17,"$44,040",5.0%
719,51-9032,"Cutting and Slicing Machine Setters, Operators, and Tenders",detail,"1,410",6.8%,0.162,0.43,$17.65,$18.61,"$38,700",2.5%
720,51-9041,"Extruding, Forming, Pressing, and Compacting Machine Setters, Operators, and Tenders",detail,"3,020",15.4%,0.347,0.76,$21.18,$21.32,"$44,350",4.0%
721,51-9051,"Furnace, Kiln, Oven, Drier, and Kettle Operators and Tenders",detail,560,9.8%,0.065,0.53,$22.68,$22.22,"$46,210",2.6%
722,51-9061,"Inspectors, Testers, Sorters, Samplers, and Weighers",detail,"20,950",3.4%,2.410,0.61,$20.01,$21.88,"$45,520",1.0%
723,51-9071,Jewelers and Precious Stone and Metal Workers,detail,"3,630",12.9%,0.418,3.12,$26.44,$29.97,"$62,340",6.6%
724,51-9081,Dental Laboratory Technicians,detail,"1,470",9.8%,0.169,0.76,$25.45,$27.76,"$57,750",5.6%
725,51-9082,Medical Appliance Technicians,detail,490,20.7%,0.056,0.57,$18.72,$20.84,"$43,350",5.2%
726,51-9083,Ophthalmic Laboratory Technicians,detail,"2,610",12.4%,0.300,1.60,$17.45,$18.27,"$38,010",2.1%
727,51-9111,Packaging and Filling Machine Operators and Tenders,detail,"16,660",5.1%,1.917,0.72,$14.91,$16.42,"$34,150",1.3%
728,51-9123,"Painting, Coating, and Decorating Workers",detail,690,11.4%,0.080,0.93,$17.63,$19.27,"$40,070",3.1%
729,51-9124,"Coating, Painting, and Spraying Machine Setters, Operators, and Tenders",detail,"3,000",9.5%,0.345,0.35,$18.45,$19.55,"$40,670",1.6%
730,51-9141,Semiconductor Processing Technicians,detail,890,22.8%,0.102,0.46,$22.35,$23.30,"$48,460",4.4%
731,51-9151,Photographic Process Workers and Processing Machine Operators,detail,390,28.7%,0.045,0.70,$19.21,$23.42,"$48,720",6.3%
732,51-9161,Computer Numerically Controlled Tool Operators,detail,"3,880",6.3%,0.446,0.42,$18.46,$19.73,"$41,040",1.8%
733,51-9162,Computer Numerically Controlled Tool Programmers,detail,860,8.1%,0.099,0.54,$27.19,$28.07,"$58,390",2.4%
734,51-9191,Adhesive Bonding Machine Operators and Tenders,detail,550,15.0%,0.064,0.71,$18.04,$18.40,"$38,270",2.1%
735,51-9192,"Cleaning, Washing, and Metal Pickling Equipment Operators and Tenders",detail,470,13.2%,0.054,0.54,$17.33,$17.73,"$36,870",2.2%
736,51-9193,Cooling and Freezing Equipment Operators and Tenders,detail,150,26.4%,0.017,0.29,$18.20,$19.02,"$39,560",3.9%
737,51-9194,Etchers and Engravers,detail,300,27.4%,0.035,0.51,$17.97,$19.83,"$41,240",4.3%
738,51-9195,"Molders, Shapers, and Casters, Except Metal and Plastic",detail,810,25.9%,0.093,0.31,$17.18,$18.40,"$38,270",6.8%
739,51-9196,"Paper Goods Machine Setters, Operators, and Tenders",detail,"3,790",6.1%,0.436,0.61,$19.02,$19.54,"$40,650",2.6%
740,51-9198,Helpers--Production Workers,detail,"4,970",5.9%,0.571,0.33,$15.75,$17.07,"$35,510",1.8%
741,51-9199,"Production Workers, All Other",detail,"4,190",13.5%,0.482,0.35,$17.26,$18.61,"$38,710",2.1%
742,53-0000,Transportation and Material Moving Occupations,major,"565,210",1.3%,65.030,0.74,$17.96,$21.55,"$44,830",1.7%
743,53-1041,Aircraft Cargo Handling Supervisors,detail,(8),(8),(8),(8),$31.75,$31.47,"$65,460",2.7%
744,53-1047,"First-Line Supervisors of Transportation and Material Moving Workers, Except Aircraft Cargo Handling Supervisors",detail,"22,690",2.3%,2.611,0.76,$29.66,$30.97,"$64,420",1.3%
745,53-2011,"Airline Pilots, Copilots, and Flight Engineers",detail,"5,430",0.6%,0.624,1.04,(4),(4),"$177,680",19.3%
746,53-2012,Commercial Pilots,detail,930,14.5%,0.107,0.40,(8),(8),(8),(8)
747,53-2021,Air Traffic Controllers,detail,(8),(8),(8),(8),$75.32,$67.59,"$140,580",1.8%
748,53-2022,Airfield Operations Specialists,detail,430,13.9%,0.049,0.65,$36.33,$37.26,"$77,500",2.7%
749,53-2031,Flight Attendants,detail,"7,600",3.1%,0.875,1.05,(4),(4),"$55,030",11.8%
750,53-3011,"Ambulance Drivers and Attendants, Except Emergency Medical Technicians",detail,440,22.3%,0.051,0.50,$14.76,$16.61,"$34,540",4.5%
751,53-3031,Driver/Sales Workers,detail,"14,070",8.8%,1.619,0.54,$14.97,$16.93,"$35,210",2.4%
752,53-3032,Heavy and Tractor-Trailer Truck Drivers,detail,"58,280",3.0%,6.705,0.52,$24.76,$26.58,"$55,280",1.2%
753,53-3033,Light Truck Drivers,detail,"44,270",3.4%,5.093,0.76,$18.45,$20.57,"$42,780",1.7%
754,53-3052,"Bus Drivers, Transit and Intercity",detail,"15,480",1.8%,1.781,1.52,$33.82,$30.93,"$64,330",4.6%
755,53-3058,"Passenger Vehicle Drivers, Except Bus Drivers, Transit and Intercity",detail,"50,550",3.5%,5.816,1.35,$19.21,$20.57,"$42,790",1.3%
756,53-3099,"Motor Vehicle Operators, All Other",detail,"2,350",6.8%,0.271,0.73,$18.04,$18.58,"$38,650",2.4%
757,53-4011,Locomotive Engineers,detail,(8),(8),(8),(8),$29.48,$29.13,"$60,600",2.8%
758,53-4013,"Rail Yard Engineers, Dinkey Operators, and Hostlers",detail,(8),(8),(8),(8),$25.49,$27.85,"$57,920",4.7%
759,53-4022,"Railroad Brake, Signal, and Switch Operators and Locomotive Firers",detail,(8),(8),(8),(8),$24.51,$25.07,"$52,150",5.9%
760,53-4031,Railroad Conductors and Yardmasters,detail,"6,930",15.0%,0.798,2.47,$29.06,$29.26,"$60,870",2.2%
761,53-5011,Sailors and Marine Oilers,detail,"1,290",7.8%,0.148,0.81,$24.80,$24.45,"$50,860",2.7%
762,53-5021,"Captains, Mates, and Pilots of Water Vessels",detail,"1,480",7.8%,0.170,0.86,$36.84,$40.19,"$83,590",5.4%
763,53-5022,Motorboat Operators,detail,40,44.1%,0.005,0.29,$35.55,$34.30,"$71,350",3.1%
764,53-5031,Ship Engineers,detail,480,7.7%,0.055,1.03,$39.89,$45.24,"$94,100",4.8%
765,53-6011,Bridge and Lock Tenders,detail,270,2.4%,0.031,1.42,$23.13,$22.41,"$46,610",2.9%
766,53-6021,Parking Attendants,detail,"11,110",9.4%,1.278,1.44,$14.95,$15.40,"$32,040",1.3%
767,53-6031,Automotive and Watercraft Service Attendants,detail,"3,080",13.8%,0.355,0.44,$12.94,$14.27,"$29,680",2.1%
768,53-6041,Traffic Technicians,detail,"1,270",4.0%,0.146,2.73,$30.62,$29.71,"$61,790",5.0%
769,53-6051,Transportation Inspectors,detail,"4,250",5.1%,0.489,2.49,$37.05,$36.27,"$75,450",3.6%
770,53-6061,Passenger Attendants,detail,"3,810",21.5%,0.438,2.65,$16.55,$15.86,"$32,980",3.3%
771,53-6098,"Aircraft Service Attendants and Transportation Workers, All Other",detail,"1,460",7.9%,0.168,0.70,$16.31,$18.12,"$37,700",6.5%
772,53-7011,Conveyor Operators and Tenders,detail,970,24.6%,0.111,0.67,$16.76,$16.81,"$34,960",3.8%
773,53-7021,Crane and Tower Operators,detail,"1,260",15.9%,0.145,0.46,(8),(8),(8),(8)
774,53-7041,Hoist and Winch Operators,detail,140,35.1%,0.017,0.52,$31.29,$28.93,"$60,180",12.1%
775,53-7051,Industrial Truck and Tractor Operators,detail,"16,240",4.5%,1.868,0.41,$19.68,$21.20,"$44,100",1.4%
776,53-7061,Cleaners of Vehicles and Equipment,detail,"16,970",3.8%,1.953,0.80,$15.48,$18.24,"$37,930",7.4%
777,53-7062,"Laborers and Freight, Stock, and Material Movers, Hand",detail,"126,480",2.3%,14.552,0.72,$16.04,$17.81,"$37,050",1.0%
778,53-7063,Machine Feeders and Offbearers,detail,"1,220",9.6%,0.140,0.30,$15.12,$16.24,"$33,790",2.7%
779,53-7064,"Packers and Packagers, Hand",detail,"17,010",4.7%,1.957,0.45,$14.39,$15.19,"$31,580",0.9%
780,53-7065,Stockers and Order Fillers,detail,"105,740",3.9%,12.166,0.77,$14.44,$15.67,"$32,600",0.8%
781,53-7071,Gas Compressor and Gas Pumping Station Operators,detail,70,14.7%,0.009,0.31,$34.27,$31.28,"$65,070",4.7%
782,53-7072,"Pump Operators, Except Wellhead Pumpers",detail,40,32.3%,0.004,0.06,$22.91,$27.88,"$58,000",8.4%
783,53-7081,Refuse and Recyclable Material Collectors,detail,"10,290",2.5%,1.184,1.36,$31.26,$29.54,"$61,450",2.4%
784,53-7121,"Tank Car, Truck, and Ship Loaders",detail,(8),(8),(8),(8),$20.60,$20.59,"$42,830",3.7%
785,53-7199,"Material Moving Workers, All Other",detail,910,23.6%,0.104,0.55,$26.93,$25.30,"$52,630",8.2%
